{
  "ABIRoot": {
    "kind": "Root",
    "name": "TopLevel",
    "printedName": "TopLevel",
    "children": [
      {
        "kind": "Import",
        "name": "Foundation",
        "printedName": "Foundation",
        "declKind": "Import",
        "moduleName": "SwiftAutoScreenShot",
        "declAttributes": [
          "RawDocComment"
        ]
      },
      {
        "kind": "Import",
        "name": "UIKit",
        "printedName": "UIKit",
        "declKind": "Import",
        "moduleName": "SwiftAutoScreenShot"
      },
      {
        "kind": "Import",
        "name": "Foundation",
        "printedName": "Foundation",
        "declKind": "Import",
        "moduleName": "SwiftAutoScreenShot",
        "declAttributes": [
          "RawDocComment"
        ]
      },
      {
        "kind": "Import",
        "name": "UIKit",
        "printedName": "UIKit",
        "declKind": "Import",
        "moduleName": "SwiftAutoScreenShot"
      },
      {
        "kind": "Import",
        "name": "Photos",
        "printedName": "Photos",
        "declKind": "Import",
        "moduleName": "SwiftAutoScreenShot"
      },
      {
        "kind": "TypeDecl",
        "name": "AutoScreenShot",
        "printedName": "AutoScreenShot",
        "children": [
          {
            "kind": "Var",
            "name": "isSaveAllScreenShot",
            "printedName": "isSaveAllScreenShot",
            "children": [
              {
                "kind": "TypeNominal",
                "name": "Bool",
                "printedName": "Swift.Bool",
                "usr": "s:Sb"
              }
            ],
            "declKind": "Var",
            "usr": "s:19SwiftAutoScreenShot0bcD0C09isSaveAllcD0Sbvp",
            "mangledName": "$s19SwiftAutoScreenShot0bcD0C09isSaveAllcD0Sbvp",
            "moduleName": "SwiftAutoScreenShot",
            "declAttributes": [
              "HasInitialValue",
              "HasStorage",
              "AccessControl"
            ],
            "hasStorage": true,
            "accessors": [
              {
                "kind": "Accessor",
                "name": "Get",
                "printedName": "Get()",
                "children": [
                  {
                    "kind": "TypeNominal",
                    "name": "Bool",
                    "printedName": "Swift.Bool",
                    "usr": "s:Sb"
                  }
                ],
                "declKind": "Accessor",
                "usr": "s:19SwiftAutoScreenShot0bcD0C09isSaveAllcD0Sbvg",
                "mangledName": "$s19SwiftAutoScreenShot0bcD0C09isSaveAllcD0Sbvg",
                "moduleName": "SwiftAutoScreenShot",
                "implicit": true,
                "accessorKind": "get"
              },
              {
                "kind": "Accessor",
                "name": "Set",
                "printedName": "Set()",
                "children": [
                  {
                    "kind": "TypeNominal",
                    "name": "Void",
                    "printedName": "()"
                  },
                  {
                    "kind": "TypeNominal",
                    "name": "Bool",
                    "printedName": "Swift.Bool",
                    "usr": "s:Sb"
                  }
                ],
                "declKind": "Accessor",
                "usr": "s:19SwiftAutoScreenShot0bcD0C09isSaveAllcD0Sbvs",
                "mangledName": "$s19SwiftAutoScreenShot0bcD0C09isSaveAllcD0Sbvs",
                "moduleName": "SwiftAutoScreenShot",
                "implicit": true,
                "accessorKind": "set"
              },
              {
                "kind": "Accessor",
                "name": "Modify",
                "printedName": "Modify()",
                "children": [
                  {
                    "kind": "TypeNominal",
                    "name": "Void",
                    "printedName": "()"
                  }
                ],
                "declKind": "Accessor",
                "usr": "s:19SwiftAutoScreenShot0bcD0C09isSaveAllcD0SbvM",
                "mangledName": "$s19SwiftAutoScreenShot0bcD0C09isSaveAllcD0SbvM",
                "moduleName": "SwiftAutoScreenShot",
                "implicit": true,
                "accessorKind": "_modify"
              }
            ]
          },
          {
            "kind": "Var",
            "name": "saveImageToLocal",
            "printedName": "saveImageToLocal",
            "children": [
              {
                "kind": "TypeNominal",
                "name": "Bool",
                "printedName": "Swift.Bool",
                "usr": "s:Sb"
              }
            ],
            "declKind": "Var",
            "usr": "s:19SwiftAutoScreenShot0bcD0C16saveImageToLocalSbvp",
            "mangledName": "$s19SwiftAutoScreenShot0bcD0C16saveImageToLocalSbvp",
            "moduleName": "SwiftAutoScreenShot",
            "declAttributes": [
              "HasInitialValue",
              "HasStorage",
              "AccessControl",
              "RawDocComment"
            ],
            "hasStorage": true,
            "accessors": [
              {
                "kind": "Accessor",
                "name": "Get",
                "printedName": "Get()",
                "children": [
                  {
                    "kind": "TypeNominal",
                    "name": "Bool",
                    "printedName": "Swift.Bool",
                    "usr": "s:Sb"
                  }
                ],
                "declKind": "Accessor",
                "usr": "s:19SwiftAutoScreenShot0bcD0C16saveImageToLocalSbvg",
                "mangledName": "$s19SwiftAutoScreenShot0bcD0C16saveImageToLocalSbvg",
                "moduleName": "SwiftAutoScreenShot",
                "implicit": true,
                "accessorKind": "get"
              },
              {
                "kind": "Accessor",
                "name": "Set",
                "printedName": "Set()",
                "children": [
                  {
                    "kind": "TypeNominal",
                    "name": "Void",
                    "printedName": "()"
                  },
                  {
                    "kind": "TypeNominal",
                    "name": "Bool",
                    "printedName": "Swift.Bool",
                    "usr": "s:Sb"
                  }
                ],
                "declKind": "Accessor",
                "usr": "s:19SwiftAutoScreenShot0bcD0C16saveImageToLocalSbvs",
                "mangledName": "$s19SwiftAutoScreenShot0bcD0C16saveImageToLocalSbvs",
                "moduleName": "SwiftAutoScreenShot",
                "implicit": true,
                "accessorKind": "set"
              },
              {
                "kind": "Accessor",
                "name": "Modify",
                "printedName": "Modify()",
                "children": [
                  {
                    "kind": "TypeNominal",
                    "name": "Void",
                    "printedName": "()"
                  }
                ],
                "declKind": "Accessor",
                "usr": "s:19SwiftAutoScreenShot0bcD0C16saveImageToLocalSbvM",
                "mangledName": "$s19SwiftAutoScreenShot0bcD0C16saveImageToLocalSbvM",
                "moduleName": "SwiftAutoScreenShot",
                "implicit": true,
                "accessorKind": "_modify"
              }
            ]
          },
          {
            "kind": "Var",
            "name": "shared",
            "printedName": "shared",
            "children": [
              {
                "kind": "TypeNominal",
                "name": "AutoScreenShot",
                "printedName": "SwiftAutoScreenShot.AutoScreenShot",
                "usr": "s:19SwiftAutoScreenShot0bcD0C"
              }
            ],
            "declKind": "Var",
            "usr": "s:19SwiftAutoScreenShot0bcD0C6sharedACvpZ",
            "mangledName": "$s19SwiftAutoScreenShot0bcD0C6sharedACvpZ",
            "moduleName": "SwiftAutoScreenShot",
            "static": true,
            "declAttributes": [
              "HasInitialValue",
              "Final",
              "HasStorage",
              "AccessControl"
            ],
            "isLet": true,
            "hasStorage": true,
            "accessors": [
              {
                "kind": "Accessor",
                "name": "Get",
                "printedName": "Get()",
                "children": [
                  {
                    "kind": "TypeNominal",
                    "name": "AutoScreenShot",
                    "printedName": "SwiftAutoScreenShot.AutoScreenShot",
                    "usr": "s:19SwiftAutoScreenShot0bcD0C"
                  }
                ],
                "declKind": "Accessor",
                "usr": "s:19SwiftAutoScreenShot0bcD0C6sharedACvgZ",
                "mangledName": "$s19SwiftAutoScreenShot0bcD0C6sharedACvgZ",
                "moduleName": "SwiftAutoScreenShot",
                "static": true,
                "implicit": true,
                "declAttributes": [
                  "Final"
                ],
                "accessorKind": "get"
              }
            ]
          },
          {
            "kind": "Function",
            "name": "setup",
            "printedName": "setup(apiKey:projectId:)",
            "children": [
              {
                "kind": "TypeNominal",
                "name": "Void",
                "printedName": "()"
              },
              {
                "kind": "TypeNominal",
                "name": "String",
                "printedName": "Swift.String",
                "usr": "s:SS"
              },
              {
                "kind": "TypeNominal",
                "name": "String",
                "printedName": "Swift.String",
                "usr": "s:SS"
              }
            ],
            "declKind": "Func",
            "usr": "s:19SwiftAutoScreenShot0bcD0C5setup6apiKey9projectIdySS_SStF",
            "mangledName": "$s19SwiftAutoScreenShot0bcD0C5setup6apiKey9projectIdySS_SStF",
            "moduleName": "SwiftAutoScreenShot",
            "declAttributes": [
              "AccessControl"
            ],
            "funcSelfKind": "NonMutating"
          },
          {
            "kind": "Function",
            "name": "takeScreenShotWithoutScrollView",
            "printedName": "takeScreenShotWithoutScrollView(_:)",
            "children": [
              {
                "kind": "TypeNominal",
                "name": "Void",
                "printedName": "()"
              },
              {
                "kind": "TypeNominal",
                "name": "UIViewController",
                "printedName": "UIKit.UIViewController",
                "usr": "c:objc(cs)UIViewController"
              }
            ],
            "declKind": "Func",
            "usr": "s:19SwiftAutoScreenShot0bcD0C04takecD17WithoutScrollViewyySo16UIViewControllerCF",
            "mangledName": "$s19SwiftAutoScreenShot0bcD0C04takecD17WithoutScrollViewyySo16UIViewControllerCF",
            "moduleName": "SwiftAutoScreenShot",
            "declAttributes": [
              "AccessControl",
              "Custom",
              "RawDocComment"
            ],
            "isFromExtension": true,
            "funcSelfKind": "NonMutating"
          },
          {
            "kind": "Function",
            "name": "takeScreenShot",
            "printedName": "takeScreenShot(targetScrollView:targetViewController:bottomOffset:topOffset:)",
            "children": [
              {
                "kind": "TypeNominal",
                "name": "Void",
                "printedName": "()"
              },
              {
                "kind": "TypeNominal",
                "name": "UIScrollView",
                "printedName": "UIKit.UIScrollView",
                "usr": "c:objc(cs)UIScrollView"
              },
              {
                "kind": "TypeNominal",
                "name": "UIViewController",
                "printedName": "UIKit.UIViewController",
                "usr": "c:objc(cs)UIViewController"
              },
              {
                "kind": "TypeNominal",
                "name": "CGFloat",
                "printedName": "CoreGraphics.CGFloat",
                "usr": "s:14CoreFoundation7CGFloatV"
              },
              {
                "kind": "TypeNominal",
                "name": "Optional",
                "printedName": "CoreGraphics.CGFloat?",
                "children": [
                  {
                    "kind": "TypeNominal",
                    "name": "CGFloat",
                    "printedName": "CoreGraphics.CGFloat",
                    "usr": "s:14CoreFoundation7CGFloatV"
                  }
                ],
                "usr": "s:Sq"
              }
            ],
            "declKind": "Func",
            "usr": "s:19SwiftAutoScreenShot0bcD0C04takecD016targetScrollView0fH10Controller12bottomOffset03topK0ySo08UIScrollH0C_So06UIViewI0C14CoreFoundation7CGFloatVAOSgtF",
            "mangledName": "$s19SwiftAutoScreenShot0bcD0C04takecD016targetScrollView0fH10Controller12bottomOffset03topK0ySo08UIScrollH0C_So06UIViewI0C12CoreGraphics7CGFloatVAOSgtF",
            "moduleName": "SwiftAutoScreenShot",
            "declAttributes": [
              "AccessControl",
              "Custom",
              "RawDocComment"
            ],
            "isFromExtension": true,
            "funcSelfKind": "NonMutating"
          },
          {
            "kind": "Function",
            "name": "takeScreenShotWithScroll",
            "printedName": "takeScreenShotWithScroll(targetViewController:bottomOffset:topOffset:)",
            "children": [
              {
                "kind": "TypeNominal",
                "name": "Void",
                "printedName": "()"
              },
              {
                "kind": "TypeNominal",
                "name": "UIViewController",
                "printedName": "UIKit.UIViewController",
                "usr": "c:objc(cs)UIViewController"
              },
              {
                "kind": "TypeNominal",
                "name": "CGFloat",
                "printedName": "CoreGraphics.CGFloat",
                "usr": "s:14CoreFoundation7CGFloatV"
              },
              {
                "kind": "TypeNominal",
                "name": "Optional",
                "printedName": "CoreGraphics.CGFloat?",
                "children": [
                  {
                    "kind": "TypeNominal",
                    "name": "CGFloat",
                    "printedName": "CoreGraphics.CGFloat",
                    "usr": "s:14CoreFoundation7CGFloatV"
                  }
                ],
                "usr": "s:Sq"
              }
            ],
            "declKind": "Func",
            "usr": "s:19SwiftAutoScreenShot0bcD0C04takecD10WithScroll20targetViewController12bottomOffset03topL0ySo06UIViewJ0C_14CoreFoundation7CGFloatVALSgtF",
            "mangledName": "$s19SwiftAutoScreenShot0bcD0C04takecD10WithScroll20targetViewController12bottomOffset03topL0ySo06UIViewJ0C_12CoreGraphics7CGFloatVALSgtF",
            "moduleName": "SwiftAutoScreenShot",
            "declAttributes": [
              "AccessControl",
              "Custom",
              "RawDocComment"
            ],
            "isFromExtension": true,
            "funcSelfKind": "NonMutating"
          },
          {
            "kind": "Function",
            "name": "takeScreenShot",
            "printedName": "takeScreenShot(with:maxIndexPath:targetViewController:bottomOffset:topOffset:)",
            "children": [
              {
                "kind": "TypeNominal",
                "name": "Void",
                "printedName": "()"
              },
              {
                "kind": "TypeNominal",
                "name": "UITableView",
                "printedName": "UIKit.UITableView",
                "usr": "c:objc(cs)UITableView"
              },
              {
                "kind": "TypeNominal",
                "name": "IndexPath",
                "printedName": "Foundation.IndexPath",
                "usr": "s:10Foundation9IndexPathV"
              },
              {
                "kind": "TypeNominal",
                "name": "UIViewController",
                "printedName": "UIKit.UIViewController",
                "usr": "c:objc(cs)UIViewController"
              },
              {
                "kind": "TypeNominal",
                "name": "CGFloat",
                "printedName": "CoreGraphics.CGFloat",
                "usr": "s:14CoreFoundation7CGFloatV"
              },
              {
                "kind": "TypeNominal",
                "name": "Optional",
                "printedName": "CoreGraphics.CGFloat?",
                "children": [
                  {
                    "kind": "TypeNominal",
                    "name": "CGFloat",
                    "printedName": "CoreGraphics.CGFloat",
                    "usr": "s:14CoreFoundation7CGFloatV"
                  }
                ],
                "usr": "s:Sq"
              }
            ],
            "declKind": "Func",
            "usr": "s:19SwiftAutoScreenShot0bcD0C04takecD04with12maxIndexPath20targetViewController12bottomOffset03topN0ySo07UITableK0C_10Foundation0hI0VSo06UIViewL0C04CoreQ07CGFloatVASSgtF",
            "mangledName": "$s19SwiftAutoScreenShot0bcD0C04takecD04with12maxIndexPath20targetViewController12bottomOffset03topN0ySo07UITableK0C_10Foundation0hI0VSo06UIViewL0C12CoreGraphics7CGFloatVASSgtF",
            "moduleName": "SwiftAutoScreenShot",
            "declAttributes": [
              "AccessControl",
              "Custom"
            ],
            "isFromExtension": true,
            "funcSelfKind": "NonMutating"
          },
          {
            "kind": "Function",
            "name": "takeScreenShotWithTableView",
            "printedName": "takeScreenShotWithTableView(targetTableView:targetViewController:bottomOffset:topOffset:)",
            "children": [
              {
                "kind": "TypeNominal",
                "name": "Void",
                "printedName": "()"
              },
              {
                "kind": "TypeNominal",
                "name": "UITableView",
                "printedName": "UIKit.UITableView",
                "usr": "c:objc(cs)UITableView"
              },
              {
                "kind": "TypeNominal",
                "name": "UIViewController",
                "printedName": "UIKit.UIViewController",
                "usr": "c:objc(cs)UIViewController"
              },
              {
                "kind": "TypeNominal",
                "name": "CGFloat",
                "printedName": "CoreGraphics.CGFloat",
                "usr": "s:14CoreFoundation7CGFloatV"
              },
              {
                "kind": "TypeNominal",
                "name": "Optional",
                "printedName": "CoreGraphics.CGFloat?",
                "children": [
                  {
                    "kind": "TypeNominal",
                    "name": "CGFloat",
                    "printedName": "CoreGraphics.CGFloat",
                    "usr": "s:14CoreFoundation7CGFloatV"
                  }
                ],
                "usr": "s:Sq"
              }
            ],
            "declKind": "Func",
            "usr": "s:19SwiftAutoScreenShot0bcD0C04takecD13WithTableView06targetgH00iH10Controller12bottomOffset03topL0ySo07UITableH0C_So06UIViewJ0C14CoreFoundation7CGFloatVAOSgtF",
            "mangledName": "$s19SwiftAutoScreenShot0bcD0C04takecD13WithTableView06targetgH00iH10Controller12bottomOffset03topL0ySo07UITableH0C_So06UIViewJ0C12CoreGraphics7CGFloatVAOSgtF",
            "moduleName": "SwiftAutoScreenShot",
            "declAttributes": [
              "AccessControl",
              "Custom"
            ],
            "isFromExtension": true,
            "funcSelfKind": "NonMutating"
          }
        ],
        "declKind": "Class",
        "usr": "s:19SwiftAutoScreenShot0bcD0C",
        "mangledName": "$s19SwiftAutoScreenShot0bcD0C",
        "moduleName": "SwiftAutoScreenShot",
        "declAttributes": [
          "AccessControl"
        ],
        "hasMissingDesignatedInitializers": true
      },
      {
        "kind": "Import",
        "name": "Foundation",
        "printedName": "Foundation",
        "declKind": "Import",
        "moduleName": "SwiftAutoScreenShot",
        "declAttributes": [
          "RawDocComment"
        ]
      },
      {
        "kind": "Import",
        "name": "UIKit",
        "printedName": "UIKit",
        "declKind": "Import",
        "moduleName": "SwiftAutoScreenShot"
      },
      {
        "kind": "Import",
        "name": "Foundation",
        "printedName": "Foundation",
        "declKind": "Import",
        "moduleName": "SwiftAutoScreenShot",
        "declAttributes": [
          "RawDocComment"
        ]
      },
      {
        "kind": "Import",
        "name": "UIKit",
        "printedName": "UIKit",
        "declKind": "Import",
        "moduleName": "SwiftAutoScreenShot"
      },
      {
        "kind": "Import",
        "name": "Foundation",
        "printedName": "Foundation",
        "declKind": "Import",
        "moduleName": "SwiftAutoScreenShot",
        "declAttributes": [
          "RawDocComment"
        ]
      }
    ],
    "json_format_version": 8
  },
  "ConstValues": [
    {
      "filePath": "\/Users\/goudaryuushi\/github\/SwiftAutoScreenShot_source\/SwiftAutoScreenShot\/ApiCleint.swift",
      "kind": "StringLiteral",
      "offset": 234,
      "length": 43,
      "value": "\"https:\/\/api.ui-scan.com\/api\/ex\/loginByKey\""
    },
    {
      "filePath": "\/Users\/goudaryuushi\/github\/SwiftAutoScreenShot_source\/SwiftAutoScreenShot\/ApiCleint.swift",
      "kind": "StringLiteral",
      "offset": 312,
      "length": 38,
      "value": "\"https:\/\/api.ui-scan.com\/api\/ex\/teams\""
    },
    {
      "filePath": "\/Users\/goudaryuushi\/github\/SwiftAutoScreenShot_source\/SwiftAutoScreenShot\/ApiCleint.swift",
      "kind": "StringLiteral",
      "offset": 395,
      "length": 48,
      "value": "\"https:\/\/api.ui-scan.com\/api\/ex\/screenshot\/send\""
    },
    {
      "filePath": "\/Users\/goudaryuushi\/github\/SwiftAutoScreenShot_source\/SwiftAutoScreenShot\/ApiCleint.swift",
      "kind": "StringLiteral",
      "offset": 481,
      "length": 46,
      "value": "\"https:\/\/api.ui-scan.com\/api\/ex\/compareStatus\""
    },
    {
      "filePath": "\/Users\/goudaryuushi\/github\/SwiftAutoScreenShot_source\/SwiftAutoScreenShot\/ApiCleint.swift",
      "kind": "IntegerLiteral",
      "offset": 627,
      "length": 1,
      "value": "0"
    },
    {
      "filePath": "\/Users\/goudaryuushi\/github\/SwiftAutoScreenShot_source\/SwiftAutoScreenShot\/ApiCleint.swift",
      "kind": "IntegerLiteral",
      "offset": 707,
      "length": 1,
      "value": "5"
    },
    {
      "filePath": "\/Users\/goudaryuushi\/github\/SwiftAutoScreenShot_source\/SwiftAutoScreenShot\/AutoScreenShot.swift",
      "kind": "BooleanLiteral",
      "offset": 335,
      "length": 5,
      "value": "false"
    },
    {
      "filePath": "\/Users\/goudaryuushi\/github\/SwiftAutoScreenShot_source\/SwiftAutoScreenShot\/AutoScreenShot.swift",
      "kind": "BooleanLiteral",
      "offset": 472,
      "length": 4,
      "value": "true"
    },
    {
      "filePath": "\/Users\/goudaryuushi\/github\/SwiftAutoScreenShot_source\/SwiftAutoScreenShot\/AutoScreenShot.swift",
      "kind": "StringLiteral",
      "offset": 1492,
      "length": 4,
      "value": "\"OK\""
    },
    {
      "filePath": "\/Users\/goudaryuushi\/github\/SwiftAutoScreenShot_source\/SwiftAutoScreenShot\/AutoScreenShot.swift",
      "kind": "StringLiteral",
      "offset": 1975,
      "length": 16,
      "value": "\"UploadProgress\""
    },
    {
      "filePath": "\/Users\/goudaryuushi\/github\/SwiftAutoScreenShot_source\/SwiftAutoScreenShot\/AutoScreenShot.swift",
      "kind": "StringLiteral",
      "offset": 2051,
      "length": 16,
      "value": "\"uploadProgress\""
    },
    {
      "filePath": "\/Users\/goudaryuushi\/github\/SwiftAutoScreenShot_source\/SwiftAutoScreenShot\/AutoScreenShot.swift",
      "kind": "BooleanLiteral",
      "offset": 2186,
      "length": 4,
      "value": "true"
    },
    {
      "filePath": "\/Users\/goudaryuushi\/github\/SwiftAutoScreenShot_source\/SwiftAutoScreenShot\/AutoScreenShot.swift",
      "kind": "BooleanLiteral",
      "offset": 2581,
      "length": 4,
      "value": "true"
    },
    {
      "filePath": "\/Users\/goudaryuushi\/github\/SwiftAutoScreenShot_source\/SwiftAutoScreenShot\/AutoScreenShot.swift",
      "kind": "StringLiteral",
      "offset": 20310,
      "length": 16,
      "value": "\"UploadProgress\""
    },
    {
      "filePath": "\/Users\/goudaryuushi\/github\/SwiftAutoScreenShot_source\/SwiftAutoScreenShot\/AutoScreenShot.swift",
      "kind": "StringLiteral",
      "offset": 20428,
      "length": 16,
      "value": "\"uploadProgress\""
    },
    {
      "filePath": "\/Users\/goudaryuushi\/github\/SwiftAutoScreenShot_source\/SwiftAutoScreenShot\/UploadProgress.swift",
      "kind": "BooleanLiteral",
      "offset": 464,
      "length": 4,
      "value": "true"
    },
    {
      "filePath": "\/Users\/goudaryuushi\/github\/SwiftAutoScreenShot_source\/SwiftAutoScreenShot\/CustomView\/StartDialog.swift",
      "kind": "StringLiteral",
      "offset": 552,
      "length": 13,
      "value": "\"StartDialog\""
    }
  ]
}