{
  "ABIRoot": {
    "kind": "Root",
    "name": "TopLevel",
    "printedName": "TopLevel",
    "children": [
      {
        "kind": "Import",
        "name": "Foundation",
        "printedName": "Foundation",
        "declKind": "Import",
        "moduleName": "SwiftAutoScreenShot",
        "declAttributes": [
          "RawDocComment"
        ]
      },
      {
        "kind": "Import",
        "name": "UIKit",
        "printedName": "UIKit",
        "declKind": "Import",
        "moduleName": "SwiftAutoScreenShot"
      },
      {
        "kind": "Import",
        "name": "Foundation",
        "printedName": "Foundation",
        "declKind": "Import",
        "moduleName": "SwiftAutoScreenShot",
        "declAttributes": [
          "RawDocComment"
        ]
      },
      {
        "kind": "Import",
        "name": "UIKit",
        "printedName": "UIKit",
        "declKind": "Import",
        "moduleName": "SwiftAutoScreenShot"
      },
      {
        "kind": "Import",
        "name": "Photos",
        "printedName": "Photos",
        "declKind": "Import",
        "moduleName": "SwiftAutoScreenShot"
      },
      {
        "kind": "TypeDecl",
        "name": "AutoScreenShot",
        "printedName": "AutoScreenShot",
        "children": [
          {
            "kind": "Var",
            "name": "isSaveAllScreenShot",
            "printedName": "isSaveAllScreenShot",
            "children": [
              {
                "kind": "TypeNominal",
                "name": "Bool",
                "printedName": "Swift.Bool",
                "usr": "s:Sb"
              }
            ],
            "declKind": "Var",
            "usr": "s:19SwiftAutoScreenShot0bcD0C09isSaveAllcD0Sbvp",
            "mangledName": "$s19SwiftAutoScreenShot0bcD0C09isSaveAllcD0Sbvp",
            "moduleName": "SwiftAutoScreenShot",
            "declAttributes": [
              "HasInitialValue",
              "HasStorage",
              "AccessControl"
            ],
            "hasStorage": true,
            "accessors": [
              {
                "kind": "Accessor",
                "name": "Get",
                "printedName": "Get()",
                "children": [
                  {
                    "kind": "TypeNominal",
                    "name": "Bool",
                    "printedName": "Swift.Bool",
                    "usr": "s:Sb"
                  }
                ],
                "declKind": "Accessor",
                "usr": "s:19SwiftAutoScreenShot0bcD0C09isSaveAllcD0Sbvg",
                "mangledName": "$s19SwiftAutoScreenShot0bcD0C09isSaveAllcD0Sbvg",
                "moduleName": "SwiftAutoScreenShot",
                "implicit": true,
                "accessorKind": "get"
              },
              {
                "kind": "Accessor",
                "name": "Set",
                "printedName": "Set()",
                "children": [
                  {
                    "kind": "TypeNominal",
                    "name": "Void",
                    "printedName": "()"
                  },
                  {
                    "kind": "TypeNominal",
                    "name": "Bool",
                    "printedName": "Swift.Bool",
                    "usr": "s:Sb"
                  }
                ],
                "declKind": "Accessor",
                "usr": "s:19SwiftAutoScreenShot0bcD0C09isSaveAllcD0Sbvs",
                "mangledName": "$s19SwiftAutoScreenShot0bcD0C09isSaveAllcD0Sbvs",
                "moduleName": "SwiftAutoScreenShot",
                "implicit": true,
                "accessorKind": "set"
              },
              {
                "kind": "Accessor",
                "name": "Modify",
                "printedName": "Modify()",
                "children": [
                  {
                    "kind": "TypeNominal",
                    "name": "Void",
                    "printedName": "()"
                  }
                ],
                "declKind": "Accessor",
                "usr": "s:19SwiftAutoScreenShot0bcD0C09isSaveAllcD0SbvM",
                "mangledName": "$s19SwiftAutoScreenShot0bcD0C09isSaveAllcD0SbvM",
                "moduleName": "SwiftAutoScreenShot",
                "implicit": true,
                "accessorKind": "_modify"
              }
            ]
          },
          {
            "kind": "Constructor",
            "name": "init",
            "printedName": "init(apiKey:projectId:)",
            "children": [
              {
                "kind": "TypeNominal",
                "name": "AutoScreenShot",
                "printedName": "SwiftAutoScreenShot.AutoScreenShot",
                "usr": "s:19SwiftAutoScreenShot0bcD0C"
              },
              {
                "kind": "TypeNominal",
                "name": "String",
                "printedName": "Swift.String",
                "usr": "s:SS"
              },
              {
                "kind": "TypeNominal",
                "name": "String",
                "printedName": "Swift.String",
                "usr": "s:SS"
              }
            ],
            "declKind": "Constructor",
            "usr": "s:19SwiftAutoScreenShot0bcD0C6apiKey9projectIdACSS_SStcfc",
            "mangledName": "$s19SwiftAutoScreenShot0bcD0C6apiKey9projectIdACSS_SStcfc",
            "moduleName": "SwiftAutoScreenShot",
            "declAttributes": [
              "AccessControl",
              "RawDocComment"
            ],
            "init_kind": "Designated"
          },
          {
            "kind": "Function",
            "name": "takeScreenShotWithScroll",
            "printedName": "takeScreenShotWithScroll(targetViewController:bottomOffset:)",
            "children": [
              {
                "kind": "TypeNominal",
                "name": "Void",
                "printedName": "()"
              },
              {
                "kind": "TypeNominal",
                "name": "UIViewController",
                "printedName": "UIKit.UIViewController",
                "usr": "c:objc(cs)UIViewController"
              },
              {
                "kind": "TypeNominal",
                "name": "CGFloat",
                "printedName": "CoreGraphics.CGFloat",
                "usr": "s:14CoreFoundation7CGFloatV"
              }
            ],
            "declKind": "Func",
            "usr": "s:19SwiftAutoScreenShot0bcD0C04takecD10WithScroll20targetViewController12bottomOffsetySo06UIViewJ0C_14CoreFoundation7CGFloatVtF",
            "mangledName": "$s19SwiftAutoScreenShot0bcD0C04takecD10WithScroll20targetViewController12bottomOffsetySo06UIViewJ0C_12CoreGraphics7CGFloatVtF",
            "moduleName": "SwiftAutoScreenShot",
            "declAttributes": [
              "AccessControl"
            ],
            "funcSelfKind": "NonMutating"
          },
          {
            "kind": "Function",
            "name": "takeScreenShot",
            "printedName": "takeScreenShot(with:maxIndexPath:targetViewController:bottomOffset:)",
            "children": [
              {
                "kind": "TypeNominal",
                "name": "Void",
                "printedName": "()"
              },
              {
                "kind": "TypeNominal",
                "name": "UITableView",
                "printedName": "UIKit.UITableView",
                "usr": "c:objc(cs)UITableView"
              },
              {
                "kind": "TypeNominal",
                "name": "IndexPath",
                "printedName": "Foundation.IndexPath",
                "usr": "s:10Foundation9IndexPathV"
              },
              {
                "kind": "TypeNominal",
                "name": "UIViewController",
                "printedName": "UIKit.UIViewController",
                "usr": "c:objc(cs)UIViewController"
              },
              {
                "kind": "TypeNominal",
                "name": "CGFloat",
                "printedName": "CoreGraphics.CGFloat",
                "usr": "s:14CoreFoundation7CGFloatV"
              }
            ],
            "declKind": "Func",
            "usr": "s:19SwiftAutoScreenShot0bcD0C04takecD04with12maxIndexPath20targetViewController12bottomOffsetySo07UITableK0C_10Foundation0hI0VSo06UIViewL0C04CoreP07CGFloatVtF",
            "mangledName": "$s19SwiftAutoScreenShot0bcD0C04takecD04with12maxIndexPath20targetViewController12bottomOffsetySo07UITableK0C_10Foundation0hI0VSo06UIViewL0C12CoreGraphics7CGFloatVtF",
            "moduleName": "SwiftAutoScreenShot",
            "declAttributes": [
              "AccessControl"
            ],
            "funcSelfKind": "NonMutating"
          },
          {
            "kind": "Function",
            "name": "takeScreenShot",
            "printedName": "takeScreenShot(targetView:)",
            "children": [
              {
                "kind": "TypeNominal",
                "name": "Void",
                "printedName": "()"
              },
              {
                "kind": "TypeNominal",
                "name": "Optional",
                "printedName": "UIKit.UIView?",
                "children": [
                  {
                    "kind": "TypeNominal",
                    "name": "UIView",
                    "printedName": "UIKit.UIView",
                    "usr": "c:objc(cs)UIView"
                  }
                ],
                "usr": "s:Sq"
              }
            ],
            "declKind": "Func",
            "usr": "s:19SwiftAutoScreenShot0bcD0C04takecD010targetViewySo6UIViewCSg_tF",
            "mangledName": "$s19SwiftAutoScreenShot0bcD0C04takecD010targetViewySo6UIViewCSg_tF",
            "moduleName": "SwiftAutoScreenShot",
            "declAttributes": [
              "AccessControl"
            ],
            "funcSelfKind": "NonMutating"
          },
          {
            "kind": "Function",
            "name": "takeScreenShotWithoutScrollView",
            "printedName": "takeScreenShotWithoutScrollView(_:)",
            "children": [
              {
                "kind": "TypeNominal",
                "name": "Void",
                "printedName": "()"
              },
              {
                "kind": "TypeNominal",
                "name": "UIViewController",
                "printedName": "UIKit.UIViewController",
                "usr": "c:objc(cs)UIViewController"
              }
            ],
            "declKind": "Func",
            "usr": "s:19SwiftAutoScreenShot0bcD0C04takecD17WithoutScrollViewyySo16UIViewControllerCF",
            "mangledName": "$s19SwiftAutoScreenShot0bcD0C04takecD17WithoutScrollViewyySo16UIViewControllerCF",
            "moduleName": "SwiftAutoScreenShot",
            "declAttributes": [
              "AccessControl",
              "RawDocComment"
            ],
            "funcSelfKind": "NonMutating"
          },
          {
            "kind": "Function",
            "name": "takeScreenShot",
            "printedName": "takeScreenShot(targetScrollView:targetViewController:bottomOffset:)",
            "children": [
              {
                "kind": "TypeNominal",
                "name": "Void",
                "printedName": "()"
              },
              {
                "kind": "TypeNominal",
                "name": "UIScrollView",
                "printedName": "UIKit.UIScrollView",
                "usr": "c:objc(cs)UIScrollView"
              },
              {
                "kind": "TypeNominal",
                "name": "UIViewController",
                "printedName": "UIKit.UIViewController",
                "usr": "c:objc(cs)UIViewController"
              },
              {
                "kind": "TypeNominal",
                "name": "CGFloat",
                "printedName": "CoreGraphics.CGFloat",
                "usr": "s:14CoreFoundation7CGFloatV"
              }
            ],
            "declKind": "Func",
            "usr": "s:19SwiftAutoScreenShot0bcD0C04takecD016targetScrollView0fH10Controller12bottomOffsetySo08UIScrollH0C_So06UIViewI0C14CoreFoundation7CGFloatVtF",
            "mangledName": "$s19SwiftAutoScreenShot0bcD0C04takecD016targetScrollView0fH10Controller12bottomOffsetySo08UIScrollH0C_So06UIViewI0C12CoreGraphics7CGFloatVtF",
            "moduleName": "SwiftAutoScreenShot",
            "declAttributes": [
              "AccessControl",
              "RawDocComment"
            ],
            "funcSelfKind": "NonMutating"
          }
        ],
        "declKind": "Class",
        "usr": "s:19SwiftAutoScreenShot0bcD0C",
        "mangledName": "$s19SwiftAutoScreenShot0bcD0C",
        "moduleName": "SwiftAutoScreenShot",
        "declAttributes": [
          "AccessControl"
        ]
      },
      {
        "kind": "Import",
        "name": "Foundation",
        "printedName": "Foundation",
        "declKind": "Import",
        "moduleName": "SwiftAutoScreenShot",
        "declAttributes": [
          "RawDocComment"
        ]
      },
      {
        "kind": "Import",
        "name": "UIKit",
        "printedName": "UIKit",
        "declKind": "Import",
        "moduleName": "SwiftAutoScreenShot"
      },
      {
        "kind": "Import",
        "name": "Foundation",
        "printedName": "Foundation",
        "declKind": "Import",
        "moduleName": "SwiftAutoScreenShot",
        "declAttributes": [
          "RawDocComment"
        ]
      },
      {
        "kind": "Import",
        "name": "UIKit",
        "printedName": "UIKit",
        "declKind": "Import",
        "moduleName": "SwiftAutoScreenShot"
      },
      {
        "kind": "Import",
        "name": "Foundation",
        "printedName": "Foundation",
        "declKind": "Import",
        "moduleName": "SwiftAutoScreenShot",
        "declAttributes": [
          "RawDocComment"
        ]
      }
    ],
    "json_format_version": 8
  },
  "ConstValues": [
    {
      "filePath": "\/Users\/goudaryuushi\/github\/SwiftAutoScreenShot_source\/SwiftAutoScreenShot\/ApiCleint.swift",
      "kind": "StringLiteral",
      "offset": 226,
      "length": 43,
      "value": "\"https:\/\/api.ui-scan.com\/api\/ex\/loginByKey\""
    },
    {
      "filePath": "\/Users\/goudaryuushi\/github\/SwiftAutoScreenShot_source\/SwiftAutoScreenShot\/ApiCleint.swift",
      "kind": "StringLiteral",
      "offset": 296,
      "length": 38,
      "value": "\"https:\/\/api.ui-scan.com\/api\/ex\/teams\""
    },
    {
      "filePath": "\/Users\/goudaryuushi\/github\/SwiftAutoScreenShot_source\/SwiftAutoScreenShot\/ApiCleint.swift",
      "kind": "StringLiteral",
      "offset": 371,
      "length": 48,
      "value": "\"https:\/\/api.ui-scan.com\/api\/ex\/screenshot\/send\""
    },
    {
      "filePath": "\/Users\/goudaryuushi\/github\/SwiftAutoScreenShot_source\/SwiftAutoScreenShot\/AutoScreenShot.swift",
      "kind": "IntegerLiteral",
      "offset": 338,
      "length": 1,
      "value": "0"
    },
    {
      "filePath": "\/Users\/goudaryuushi\/github\/SwiftAutoScreenShot_source\/SwiftAutoScreenShot\/AutoScreenShot.swift",
      "kind": "BooleanLiteral",
      "offset": 667,
      "length": 5,
      "value": "false"
    },
    {
      "filePath": "\/Users\/goudaryuushi\/github\/SwiftAutoScreenShot_source\/SwiftAutoScreenShot\/UploadProgress.swift",
      "kind": "BooleanLiteral",
      "offset": 453,
      "length": 4,
      "value": "true"
    },
    {
      "filePath": "\/Users\/goudaryuushi\/github\/SwiftAutoScreenShot_source\/SwiftAutoScreenShot\/CustomView\/StartDialog.swift",
      "kind": "StringLiteral",
      "offset": 552,
      "length": 13,
      "value": "\"StartDialog\""
    }
  ]
}