{
  "ABIRoot": {
    "kind": "Root",
    "name": "TopLevel",
    "printedName": "TopLevel",
    "children": [
      {
        "kind": "Import",
        "name": "Foundation",
        "printedName": "Foundation",
        "declKind": "Import",
        "moduleName": "SwiftAutoScreenShot",
        "declAttributes": [
          "RawDocComment"
        ]
      },
      {
        "kind": "Import",
        "name": "UIKit",
        "printedName": "UIKit",
        "declKind": "Import",
        "moduleName": "SwiftAutoScreenShot"
      },
      {
        "kind": "Import",
        "name": "Foundation",
        "printedName": "Foundation",
        "declKind": "Import",
        "moduleName": "SwiftAutoScreenShot",
        "declAttributes": [
          "RawDocComment"
        ]
      },
      {
        "kind": "Import",
        "name": "UIKit",
        "printedName": "UIKit",
        "declKind": "Import",
        "moduleName": "SwiftAutoScreenShot"
      },
      {
        "kind": "Import",
        "name": "Photos",
        "printedName": "Photos",
        "declKind": "Import",
        "moduleName": "SwiftAutoScreenShot"
      },
      {
        "kind": "Import",
        "name": "WebKit",
        "printedName": "WebKit",
        "declKind": "Import",
        "moduleName": "SwiftAutoScreenShot"
      },
      {
        "kind": "TypeDecl",
        "name": "AutoScreenShot",
        "printedName": "AutoScreenShot",
        "children": [
          {
            "kind": "Var",
            "name": "isSaveAllScreenShot",
            "printedName": "isSaveAllScreenShot",
            "children": [
              {
                "kind": "TypeNominal",
                "name": "Bool",
                "printedName": "Swift.Bool",
                "usr": "s:Sb"
              }
            ],
            "declKind": "Var",
            "usr": "s:19SwiftAutoScreenShot0bcD0C09isSaveAllcD0Sbvp",
            "mangledName": "$s19SwiftAutoScreenShot0bcD0C09isSaveAllcD0Sbvp",
            "moduleName": "SwiftAutoScreenShot",
            "declAttributes": [
              "HasInitialValue",
              "HasStorage",
              "AccessControl"
            ],
            "hasStorage": true,
            "accessors": [
              {
                "kind": "Accessor",
                "name": "Get",
                "printedName": "Get()",
                "children": [
                  {
                    "kind": "TypeNominal",
                    "name": "Bool",
                    "printedName": "Swift.Bool",
                    "usr": "s:Sb"
                  }
                ],
                "declKind": "Accessor",
                "usr": "s:19SwiftAutoScreenShot0bcD0C09isSaveAllcD0Sbvg",
                "mangledName": "$s19SwiftAutoScreenShot0bcD0C09isSaveAllcD0Sbvg",
                "moduleName": "SwiftAutoScreenShot",
                "implicit": true,
                "accessorKind": "get"
              },
              {
                "kind": "Accessor",
                "name": "Set",
                "printedName": "Set()",
                "children": [
                  {
                    "kind": "TypeNominal",
                    "name": "Void",
                    "printedName": "()"
                  },
                  {
                    "kind": "TypeNominal",
                    "name": "Bool",
                    "printedName": "Swift.Bool",
                    "usr": "s:Sb"
                  }
                ],
                "declKind": "Accessor",
                "usr": "s:19SwiftAutoScreenShot0bcD0C09isSaveAllcD0Sbvs",
                "mangledName": "$s19SwiftAutoScreenShot0bcD0C09isSaveAllcD0Sbvs",
                "moduleName": "SwiftAutoScreenShot",
                "implicit": true,
                "accessorKind": "set"
              },
              {
                "kind": "Accessor",
                "name": "Modify",
                "printedName": "Modify()",
                "children": [
                  {
                    "kind": "TypeNominal",
                    "name": "Void",
                    "printedName": "()"
                  }
                ],
                "declKind": "Accessor",
                "usr": "s:19SwiftAutoScreenShot0bcD0C09isSaveAllcD0SbvM",
                "mangledName": "$s19SwiftAutoScreenShot0bcD0C09isSaveAllcD0SbvM",
                "moduleName": "SwiftAutoScreenShot",
                "implicit": true,
                "accessorKind": "_modify"
              }
            ]
          },
          {
            "kind": "Var",
            "name": "saveImageToLocal",
            "printedName": "saveImageToLocal",
            "children": [
              {
                "kind": "TypeNominal",
                "name": "Bool",
                "printedName": "Swift.Bool",
                "usr": "s:Sb"
              }
            ],
            "declKind": "Var",
            "usr": "s:19SwiftAutoScreenShot0bcD0C16saveImageToLocalSbvp",
            "mangledName": "$s19SwiftAutoScreenShot0bcD0C16saveImageToLocalSbvp",
            "moduleName": "SwiftAutoScreenShot",
            "declAttributes": [
              "HasInitialValue",
              "HasStorage",
              "AccessControl",
              "RawDocComment"
            ],
            "hasStorage": true,
            "accessors": [
              {
                "kind": "Accessor",
                "name": "Get",
                "printedName": "Get()",
                "children": [
                  {
                    "kind": "TypeNominal",
                    "name": "Bool",
                    "printedName": "Swift.Bool",
                    "usr": "s:Sb"
                  }
                ],
                "declKind": "Accessor",
                "usr": "s:19SwiftAutoScreenShot0bcD0C16saveImageToLocalSbvg",
                "mangledName": "$s19SwiftAutoScreenShot0bcD0C16saveImageToLocalSbvg",
                "moduleName": "SwiftAutoScreenShot",
                "implicit": true,
                "accessorKind": "get"
              },
              {
                "kind": "Accessor",
                "name": "Set",
                "printedName": "Set()",
                "children": [
                  {
                    "kind": "TypeNominal",
                    "name": "Void",
                    "printedName": "()"
                  },
                  {
                    "kind": "TypeNominal",
                    "name": "Bool",
                    "printedName": "Swift.Bool",
                    "usr": "s:Sb"
                  }
                ],
                "declKind": "Accessor",
                "usr": "s:19SwiftAutoScreenShot0bcD0C16saveImageToLocalSbvs",
                "mangledName": "$s19SwiftAutoScreenShot0bcD0C16saveImageToLocalSbvs",
                "moduleName": "SwiftAutoScreenShot",
                "implicit": true,
                "accessorKind": "set"
              },
              {
                "kind": "Accessor",
                "name": "Modify",
                "printedName": "Modify()",
                "children": [
                  {
                    "kind": "TypeNominal",
                    "name": "Void",
                    "printedName": "()"
                  }
                ],
                "declKind": "Accessor",
                "usr": "s:19SwiftAutoScreenShot0bcD0C16saveImageToLocalSbvM",
                "mangledName": "$s19SwiftAutoScreenShot0bcD0C16saveImageToLocalSbvM",
                "moduleName": "SwiftAutoScreenShot",
                "implicit": true,
                "accessorKind": "_modify"
              }
            ]
          },
          {
            "kind": "Var",
            "name": "shared",
            "printedName": "shared",
            "children": [
              {
                "kind": "TypeNominal",
                "name": "AutoScreenShot",
                "printedName": "SwiftAutoScreenShot.AutoScreenShot",
                "usr": "s:19SwiftAutoScreenShot0bcD0C"
              }
            ],
            "declKind": "Var",
            "usr": "s:19SwiftAutoScreenShot0bcD0C6sharedACvpZ",
            "mangledName": "$s19SwiftAutoScreenShot0bcD0C6sharedACvpZ",
            "moduleName": "SwiftAutoScreenShot",
            "static": true,
            "declAttributes": [
              "HasInitialValue",
              "Final",
              "HasStorage",
              "AccessControl"
            ],
            "isLet": true,
            "hasStorage": true,
            "accessors": [
              {
                "kind": "Accessor",
                "name": "Get",
                "printedName": "Get()",
                "children": [
                  {
                    "kind": "TypeNominal",
                    "name": "AutoScreenShot",
                    "printedName": "SwiftAutoScreenShot.AutoScreenShot",
                    "usr": "s:19SwiftAutoScreenShot0bcD0C"
                  }
                ],
                "declKind": "Accessor",
                "usr": "s:19SwiftAutoScreenShot0bcD0C6sharedACvgZ",
                "mangledName": "$s19SwiftAutoScreenShot0bcD0C6sharedACvgZ",
                "moduleName": "SwiftAutoScreenShot",
                "static": true,
                "implicit": true,
                "declAttributes": [
                  "Final"
                ],
                "accessorKind": "get"
              }
            ]
          },
          {
            "kind": "Function",
            "name": "setup",
            "printedName": "setup(apiKey:projectId:)",
            "children": [
              {
                "kind": "TypeNominal",
                "name": "Void",
                "printedName": "()"
              },
              {
                "kind": "TypeNominal",
                "name": "String",
                "printedName": "Swift.String",
                "usr": "s:SS"
              },
              {
                "kind": "TypeNominal",
                "name": "String",
                "printedName": "Swift.String",
                "usr": "s:SS"
              }
            ],
            "declKind": "Func",
            "usr": "s:19SwiftAutoScreenShot0bcD0C5setup6apiKey9projectIdySS_SStF",
            "mangledName": "$s19SwiftAutoScreenShot0bcD0C5setup6apiKey9projectIdySS_SStF",
            "moduleName": "SwiftAutoScreenShot",
            "declAttributes": [
              "AccessControl"
            ],
            "funcSelfKind": "NonMutating"
          },
          {
            "kind": "Function",
            "name": "takeScreenShotWithoutScrollView",
            "printedName": "takeScreenShotWithoutScrollView(_:)",
            "children": [
              {
                "kind": "TypeNominal",
                "name": "Void",
                "printedName": "()"
              },
              {
                "kind": "TypeNominal",
                "name": "UIViewController",
                "printedName": "UIKit.UIViewController",
                "usr": "c:objc(cs)UIViewController"
              }
            ],
            "declKind": "Func",
            "usr": "s:19SwiftAutoScreenShot0bcD0C04takecD17WithoutScrollViewyySo16UIViewControllerCF",
            "mangledName": "$s19SwiftAutoScreenShot0bcD0C04takecD17WithoutScrollViewyySo16UIViewControllerCF",
            "moduleName": "SwiftAutoScreenShot",
            "declAttributes": [
              "AccessControl",
              "Custom",
              "RawDocComment"
            ],
            "isFromExtension": true,
            "funcSelfKind": "NonMutating"
          },
          {
            "kind": "Function",
            "name": "takeScreenShot",
            "printedName": "takeScreenShot(targetScrollView:targetViewController:outerTopOffset:outerBottomOffset:innerTopOffset:innerBottomOffset:)",
            "children": [
              {
                "kind": "TypeNominal",
                "name": "Void",
                "printedName": "()"
              },
              {
                "kind": "TypeNominal",
                "name": "UIScrollView",
                "printedName": "UIKit.UIScrollView",
                "usr": "c:objc(cs)UIScrollView"
              },
              {
                "kind": "TypeNominal",
                "name": "UIViewController",
                "printedName": "UIKit.UIViewController",
                "usr": "c:objc(cs)UIViewController"
              },
              {
                "kind": "TypeNominal",
                "name": "CGFloat",
                "printedName": "CoreGraphics.CGFloat",
                "usr": "s:14CoreFoundation7CGFloatV"
              },
              {
                "kind": "TypeNominal",
                "name": "CGFloat",
                "printedName": "CoreGraphics.CGFloat",
                "usr": "s:14CoreFoundation7CGFloatV"
              },
              {
                "kind": "TypeNominal",
                "name": "CGFloat",
                "printedName": "CoreGraphics.CGFloat",
                "usr": "s:14CoreFoundation7CGFloatV"
              },
              {
                "kind": "TypeNominal",
                "name": "CGFloat",
                "printedName": "CoreGraphics.CGFloat",
                "usr": "s:14CoreFoundation7CGFloatV"
              }
            ],
            "declKind": "Func",
            "usr": "s:19SwiftAutoScreenShot0bcD0C04takecD016targetScrollView0fH10Controller14outerTopOffset0j6BottomL005innerkL00nmL0ySo08UIScrollH0C_So06UIViewI0C14CoreFoundation7CGFloatVA3QtF",
            "mangledName": "$s19SwiftAutoScreenShot0bcD0C04takecD016targetScrollView0fH10Controller14outerTopOffset0j6BottomL005innerkL00nmL0ySo08UIScrollH0C_So06UIViewI0C12CoreGraphics7CGFloatVA3QtF",
            "moduleName": "SwiftAutoScreenShot",
            "declAttributes": [
              "AccessControl",
              "Custom",
              "RawDocComment"
            ],
            "isFromExtension": true,
            "funcSelfKind": "NonMutating"
          },
          {
            "kind": "Function",
            "name": "takeScreenShotWithScroll",
            "printedName": "takeScreenShotWithScroll(targetViewController:outerTopOffset:outerBottomOffset:innerTopOffset:innerBottomOffset:)",
            "children": [
              {
                "kind": "TypeNominal",
                "name": "Void",
                "printedName": "()"
              },
              {
                "kind": "TypeNominal",
                "name": "UIViewController",
                "printedName": "UIKit.UIViewController",
                "usr": "c:objc(cs)UIViewController"
              },
              {
                "kind": "TypeNominal",
                "name": "CGFloat",
                "printedName": "CoreGraphics.CGFloat",
                "usr": "s:14CoreFoundation7CGFloatV"
              },
              {
                "kind": "TypeNominal",
                "name": "CGFloat",
                "printedName": "CoreGraphics.CGFloat",
                "usr": "s:14CoreFoundation7CGFloatV"
              },
              {
                "kind": "TypeNominal",
                "name": "CGFloat",
                "printedName": "CoreGraphics.CGFloat",
                "usr": "s:14CoreFoundation7CGFloatV"
              },
              {
                "kind": "TypeNominal",
                "name": "CGFloat",
                "printedName": "CoreGraphics.CGFloat",
                "usr": "s:14CoreFoundation7CGFloatV"
              }
            ],
            "declKind": "Func",
            "usr": "s:19SwiftAutoScreenShot0bcD0C04takecD10WithScroll20targetViewController14outerTopOffset0k6BottomM005innerlM00onM0ySo06UIViewJ0C_14CoreFoundation7CGFloatVA3NtF",
            "mangledName": "$s19SwiftAutoScreenShot0bcD0C04takecD10WithScroll20targetViewController14outerTopOffset0k6BottomM005innerlM00onM0ySo06UIViewJ0C_12CoreGraphics7CGFloatVA3NtF",
            "moduleName": "SwiftAutoScreenShot",
            "declAttributes": [
              "AccessControl",
              "Custom",
              "RawDocComment"
            ],
            "isFromExtension": true,
            "funcSelfKind": "NonMutating"
          },
          {
            "kind": "Function",
            "name": "takeScreenShotWithTableView",
            "printedName": "takeScreenShotWithTableView(targetTableView:targetViewController:outerTopOffset:outerBottomOffset:innerTopOffset:innerBottomOffset:)",
            "children": [
              {
                "kind": "TypeNominal",
                "name": "Void",
                "printedName": "()"
              },
              {
                "kind": "TypeNominal",
                "name": "UITableView",
                "printedName": "UIKit.UITableView",
                "usr": "c:objc(cs)UITableView"
              },
              {
                "kind": "TypeNominal",
                "name": "UIViewController",
                "printedName": "UIKit.UIViewController",
                "usr": "c:objc(cs)UIViewController"
              },
              {
                "kind": "TypeNominal",
                "name": "CGFloat",
                "printedName": "CoreGraphics.CGFloat",
                "usr": "s:14CoreFoundation7CGFloatV"
              },
              {
                "kind": "TypeNominal",
                "name": "CGFloat",
                "printedName": "CoreGraphics.CGFloat",
                "usr": "s:14CoreFoundation7CGFloatV"
              },
              {
                "kind": "TypeNominal",
                "name": "CGFloat",
                "printedName": "CoreGraphics.CGFloat",
                "usr": "s:14CoreFoundation7CGFloatV"
              },
              {
                "kind": "TypeNominal",
                "name": "CGFloat",
                "printedName": "CoreGraphics.CGFloat",
                "usr": "s:14CoreFoundation7CGFloatV"
              }
            ],
            "declKind": "Func",
            "usr": "s:19SwiftAutoScreenShot0bcD0C04takecD13WithTableView06targetgH00iH10Controller14outerTopOffset0k6BottomM005innerlM00onM0ySo07UITableH0C_So06UIViewJ0C14CoreFoundation7CGFloatVA3QtF",
            "mangledName": "$s19SwiftAutoScreenShot0bcD0C04takecD13WithTableView06targetgH00iH10Controller14outerTopOffset0k6BottomM005innerlM00onM0ySo07UITableH0C_So06UIViewJ0C12CoreGraphics7CGFloatVA3QtF",
            "moduleName": "SwiftAutoScreenShot",
            "declAttributes": [
              "AccessControl",
              "Custom"
            ],
            "isFromExtension": true,
            "funcSelfKind": "NonMutating"
          },
          {
            "kind": "Function",
            "name": "takeScreenshotWithWebView",
            "printedName": "takeScreenshotWithWebView(targetWebView:targetViewController:outerTopOffset:outerBottomOffset:innerTopOffset:innerBottomOffset:)",
            "children": [
              {
                "kind": "TypeNominal",
                "name": "Void",
                "printedName": "()"
              },
              {
                "kind": "TypeNominal",
                "name": "WKWebView",
                "printedName": "WebKit.WKWebView",
                "usr": "c:objc(cs)WKWebView"
              },
              {
                "kind": "TypeNominal",
                "name": "UIViewController",
                "printedName": "UIKit.UIViewController",
                "usr": "c:objc(cs)UIViewController"
              },
              {
                "kind": "TypeNominal",
                "name": "CGFloat",
                "printedName": "CoreGraphics.CGFloat",
                "usr": "s:14CoreFoundation7CGFloatV"
              },
              {
                "kind": "TypeNominal",
                "name": "CGFloat",
                "printedName": "CoreGraphics.CGFloat",
                "usr": "s:14CoreFoundation7CGFloatV"
              },
              {
                "kind": "TypeNominal",
                "name": "CGFloat",
                "printedName": "CoreGraphics.CGFloat",
                "usr": "s:14CoreFoundation7CGFloatV"
              },
              {
                "kind": "TypeNominal",
                "name": "CGFloat",
                "printedName": "CoreGraphics.CGFloat",
                "usr": "s:14CoreFoundation7CGFloatV"
              }
            ],
            "declKind": "Func",
            "usr": "s:19SwiftAutoScreenShot0bcD0C25takeScreenshotWithWebView06targethI00jI10Controller14outerTopOffset0l6BottomN005innermN00poN0ySo05WKWebI0C_So06UIViewK0C14CoreFoundation7CGFloatVA3QtF",
            "mangledName": "$s19SwiftAutoScreenShot0bcD0C25takeScreenshotWithWebView06targethI00jI10Controller14outerTopOffset0l6BottomN005innermN00poN0ySo05WKWebI0C_So06UIViewK0C12CoreGraphics7CGFloatVA3QtF",
            "moduleName": "SwiftAutoScreenShot",
            "declAttributes": [
              "AccessControl",
              "Custom"
            ],
            "isFromExtension": true,
            "funcSelfKind": "NonMutating"
          }
        ],
        "declKind": "Class",
        "usr": "s:19SwiftAutoScreenShot0bcD0C",
        "mangledName": "$s19SwiftAutoScreenShot0bcD0C",
        "moduleName": "SwiftAutoScreenShot",
        "declAttributes": [
          "AccessControl"
        ],
        "hasMissingDesignatedInitializers": true
      },
      {
        "kind": "Import",
        "name": "Foundation",
        "printedName": "Foundation",
        "declKind": "Import",
        "moduleName": "SwiftAutoScreenShot",
        "declAttributes": [
          "RawDocComment"
        ]
      },
      {
        "kind": "Import",
        "name": "UIKit",
        "printedName": "UIKit",
        "declKind": "Import",
        "moduleName": "SwiftAutoScreenShot"
      },
      {
        "kind": "Import",
        "name": "Foundation",
        "printedName": "Foundation",
        "declKind": "Import",
        "moduleName": "SwiftAutoScreenShot",
        "declAttributes": [
          "RawDocComment"
        ]
      },
      {
        "kind": "Import",
        "name": "UIKit",
        "printedName": "UIKit",
        "declKind": "Import",
        "moduleName": "SwiftAutoScreenShot"
      },
      {
        "kind": "Import",
        "name": "Foundation",
        "printedName": "Foundation",
        "declKind": "Import",
        "moduleName": "SwiftAutoScreenShot",
        "declAttributes": [
          "RawDocComment"
        ]
      }
    ],
    "json_format_version": 8
  },
  "ConstValues": [
    {
      "filePath": "\/Users\/goudaryuushi\/github\/SwiftAutoScreenShot_source\/SwiftAutoScreenShot\/ApiCleint.swift",
      "kind": "StringLiteral",
      "offset": 234,
      "length": 43,
      "value": "\"https:\/\/api.ui-scan.com\/api\/ex\/loginByKey\""
    },
    {
      "filePath": "\/Users\/goudaryuushi\/github\/SwiftAutoScreenShot_source\/SwiftAutoScreenShot\/ApiCleint.swift",
      "kind": "StringLiteral",
      "offset": 312,
      "length": 38,
      "value": "\"https:\/\/api.ui-scan.com\/api\/ex\/teams\""
    },
    {
      "filePath": "\/Users\/goudaryuushi\/github\/SwiftAutoScreenShot_source\/SwiftAutoScreenShot\/ApiCleint.swift",
      "kind": "StringLiteral",
      "offset": 395,
      "length": 48,
      "value": "\"https:\/\/api.ui-scan.com\/api\/ex\/screenshot\/send\""
    },
    {
      "filePath": "\/Users\/goudaryuushi\/github\/SwiftAutoScreenShot_source\/SwiftAutoScreenShot\/ApiCleint.swift",
      "kind": "StringLiteral",
      "offset": 481,
      "length": 46,
      "value": "\"https:\/\/api.ui-scan.com\/api\/ex\/compareStatus\""
    },
    {
      "filePath": "\/Users\/goudaryuushi\/github\/SwiftAutoScreenShot_source\/SwiftAutoScreenShot\/ApiCleint.swift",
      "kind": "IntegerLiteral",
      "offset": 627,
      "length": 1,
      "value": "0"
    },
    {
      "filePath": "\/Users\/goudaryuushi\/github\/SwiftAutoScreenShot_source\/SwiftAutoScreenShot\/ApiCleint.swift",
      "kind": "IntegerLiteral",
      "offset": 707,
      "length": 1,
      "value": "5"
    },
    {
      "filePath": "\/Users\/goudaryuushi\/github\/SwiftAutoScreenShot_source\/SwiftAutoScreenShot\/ApiCleint.swift",
      "kind": "StringLiteral",
      "offset": 1513,
      "length": 19,
      "value": "\"invalid url error\""
    },
    {
      "filePath": "\/Users\/goudaryuushi\/github\/SwiftAutoScreenShot_source\/SwiftAutoScreenShot\/ApiCleint.swift",
      "kind": "StringLiteral",
      "offset": 1666,
      "length": 6,
      "value": "\"POST\""
    },
    {
      "filePath": "\/Users\/goudaryuushi\/github\/SwiftAutoScreenShot_source\/SwiftAutoScreenShot\/ApiCleint.swift",
      "kind": "StringLiteral",
      "offset": 1735,
      "length": 8,
      "value": "\"apiKey\""
    },
    {
      "filePath": "\/Users\/goudaryuushi\/github\/SwiftAutoScreenShot_source\/SwiftAutoScreenShot\/ApiCleint.swift",
      "kind": "StringLiteral",
      "offset": 1919,
      "length": 18,
      "value": "\"application\/json\""
    },
    {
      "filePath": "\/Users\/goudaryuushi\/github\/SwiftAutoScreenShot_source\/SwiftAutoScreenShot\/ApiCleint.swift",
      "kind": "StringLiteral",
      "offset": 1959,
      "length": 14,
      "value": "\"Content-Type\""
    },
    {
      "filePath": "\/Users\/goudaryuushi\/github\/SwiftAutoScreenShot_source\/SwiftAutoScreenShot\/ApiCleint.swift",
      "kind": "StringLiteral",
      "offset": 2020,
      "length": 15,
      "value": "\"invalid param\""
    },
    {
      "filePath": "\/Users\/goudaryuushi\/github\/SwiftAutoScreenShot_source\/SwiftAutoScreenShot\/ApiCleint.swift",
      "kind": "StringLiteral",
      "offset": 2257,
      "length": 21,
      "value": "\"invalid urlrespones\""
    },
    {
      "filePath": "\/Users\/goudaryuushi\/github\/SwiftAutoScreenShot_source\/SwiftAutoScreenShot\/ApiCleint.swift",
      "kind": "IntegerLiteral",
      "offset": 2367,
      "length": 3,
      "value": "200"
    },
    {
      "filePath": "\/Users\/goudaryuushi\/github\/SwiftAutoScreenShot_source\/SwiftAutoScreenShot\/ApiCleint.swift",
      "kind": "IntegerLiteral",
      "offset": 2373,
      "length": 3,
      "value": "400"
    },
    {
      "filePath": "\/Users\/goudaryuushi\/github\/SwiftAutoScreenShot_source\/SwiftAutoScreenShot\/ApiCleint.swift",
      "kind": "StringLiteral",
      "offset": 3143,
      "length": 37,
      "value": "\"ログイン: デコードエラー\""
    },
    {
      "filePath": "\/Users\/goudaryuushi\/github\/SwiftAutoScreenShot_source\/SwiftAutoScreenShot\/ApiCleint.swift",
      "kind": "StringLiteral",
      "offset": 3307,
      "length": 15,
      "value": "\"no data error\""
    },
    {
      "filePath": "\/Users\/goudaryuushi\/github\/SwiftAutoScreenShot_source\/SwiftAutoScreenShot\/ApiCleint.swift",
      "kind": "StringLiteral",
      "offset": 3397,
      "length": 13,
      "value": "\"other error\""
    },
    {
      "filePath": "\/Users\/goudaryuushi\/github\/SwiftAutoScreenShot_source\/SwiftAutoScreenShot\/ApiCleint.swift",
      "kind": "StringLiteral",
      "offset": 3535,
      "length": 2,
      "value": "\"\""
    },
    {
      "filePath": "\/Users\/goudaryuushi\/github\/SwiftAutoScreenShot_source\/SwiftAutoScreenShot\/ApiCleint.swift",
      "kind": "StringLiteral",
      "offset": 3879,
      "length": 19,
      "value": "\"invalid url error\""
    },
    {
      "filePath": "\/Users\/goudaryuushi\/github\/SwiftAutoScreenShot_source\/SwiftAutoScreenShot\/ApiCleint.swift",
      "kind": "BooleanLiteral",
      "offset": 3992,
      "length": 4,
      "value": "true"
    },
    {
      "filePath": "\/Users\/goudaryuushi\/github\/SwiftAutoScreenShot_source\/SwiftAutoScreenShot\/ApiCleint.swift",
      "kind": "StringLiteral",
      "offset": 4055,
      "length": 17,
      "value": "\"withProjectsFlg\""
    },
    {
      "filePath": "\/Users\/goudaryuushi\/github\/SwiftAutoScreenShot_source\/SwiftAutoScreenShot\/ApiCleint.swift",
      "kind": "StringLiteral",
      "offset": 4081,
      "length": 6,
      "value": "\"true\""
    },
    {
      "filePath": "\/Users\/goudaryuushi\/github\/SwiftAutoScreenShot_source\/SwiftAutoScreenShot\/ApiCleint.swift",
      "kind": "StringLiteral",
      "offset": 4185,
      "length": 5,
      "value": "\"GET\""
    },
    {
      "filePath": "\/Users\/goudaryuushi\/github\/SwiftAutoScreenShot_source\/SwiftAutoScreenShot\/ApiCleint.swift",
      "kind": "StringLiteral",
      "offset": 4220,
      "length": 9,
      "value": "\"Bearer \""
    },
    {
      "filePath": "\/Users\/goudaryuushi\/github\/SwiftAutoScreenShot_source\/SwiftAutoScreenShot\/ApiCleint.swift",
      "kind": "StringLiteral",
      "offset": 4259,
      "length": 15,
      "value": "\"Authorization\""
    },
    {
      "filePath": "\/Users\/goudaryuushi\/github\/SwiftAutoScreenShot_source\/SwiftAutoScreenShot\/ApiCleint.swift",
      "kind": "StringLiteral",
      "offset": 4482,
      "length": 7,
      "value": "\"error\""
    },
    {
      "filePath": "\/Users\/goudaryuushi\/github\/SwiftAutoScreenShot_source\/SwiftAutoScreenShot\/ApiCleint.swift",
      "kind": "IntegerLiteral",
      "offset": 4577,
      "length": 3,
      "value": "200"
    },
    {
      "filePath": "\/Users\/goudaryuushi\/github\/SwiftAutoScreenShot_source\/SwiftAutoScreenShot\/ApiCleint.swift",
      "kind": "IntegerLiteral",
      "offset": 4583,
      "length": 3,
      "value": "400"
    },
    {
      "filePath": "\/Users\/goudaryuushi\/github\/SwiftAutoScreenShot_source\/SwiftAutoScreenShot\/ApiCleint.swift",
      "kind": "StringLiteral",
      "offset": 5239,
      "length": 14,
      "value": "\"decode Error\""
    },
    {
      "filePath": "\/Users\/goudaryuushi\/github\/SwiftAutoScreenShot_source\/SwiftAutoScreenShot\/ApiCleint.swift",
      "kind": "StringLiteral",
      "offset": 5340,
      "length": 18,
      "value": "\"no response data\""
    },
    {
      "filePath": "\/Users\/goudaryuushi\/github\/SwiftAutoScreenShot_source\/SwiftAutoScreenShot\/ApiCleint.swift",
      "kind": "StringLiteral",
      "offset": 5433,
      "length": 14,
      "value": "\"server error\""
    },
    {
      "filePath": "\/Users\/goudaryuushi\/github\/SwiftAutoScreenShot_source\/SwiftAutoScreenShot\/ApiCleint.swift",
      "kind": "StringLiteral",
      "offset": 5511,
      "length": 15,
      "value": "\"session error\""
    },
    {
      "filePath": "\/Users\/goudaryuushi\/github\/SwiftAutoScreenShot_source\/SwiftAutoScreenShot\/ApiCleint.swift",
      "kind": "StringLiteral",
      "offset": 5717,
      "length": 17,
      "value": "\"error: no teams\""
    },
    {
      "filePath": "\/Users\/goudaryuushi\/github\/SwiftAutoScreenShot_source\/SwiftAutoScreenShot\/ApiCleint.swift",
      "kind": "StringLiteral",
      "offset": 6107,
      "length": 24,
      "value": "\"error: no project Hash\""
    },
    {
      "filePath": "\/Users\/goudaryuushi\/github\/SwiftAutoScreenShot_source\/SwiftAutoScreenShot\/ApiCleint.swift",
      "kind": "StringLiteral",
      "offset": 6172,
      "length": 39,
      "value": "\"error: teams not have same project id\""
    },
    {
      "filePath": "\/Users\/goudaryuushi\/github\/SwiftAutoScreenShot_source\/SwiftAutoScreenShot\/ApiCleint.swift",
      "kind": "FloatLiteral",
      "offset": 6363,
      "length": 3,
      "value": "0.1"
    },
    {
      "filePath": "\/Users\/goudaryuushi\/github\/SwiftAutoScreenShot_source\/SwiftAutoScreenShot\/ApiCleint.swift",
      "kind": "StringLiteral",
      "offset": 6535,
      "length": 19,
      "value": "\"invalid url error\""
    },
    {
      "filePath": "\/Users\/goudaryuushi\/github\/SwiftAutoScreenShot_source\/SwiftAutoScreenShot\/ApiCleint.swift",
      "kind": "StringLiteral",
      "offset": 6643,
      "length": 33,
      "value": "\"Boundary-\""
    },
    {
      "filePath": "\/Users\/goudaryuushi\/github\/SwiftAutoScreenShot_source\/SwiftAutoScreenShot\/ApiCleint.swift",
      "kind": "StringLiteral",
      "offset": 6675,
      "length": 1,
      "value": "\"\""
    },
    {
      "filePath": "\/Users\/goudaryuushi\/github\/SwiftAutoScreenShot_source\/SwiftAutoScreenShot\/ApiCleint.swift",
      "kind": "StringLiteral",
      "offset": 6710,
      "length": 6,
      "value": "\"POST\""
    },
    {
      "filePath": "\/Users\/goudaryuushi\/github\/SwiftAutoScreenShot_source\/SwiftAutoScreenShot\/ApiCleint.swift",
      "kind": "StringLiteral",
      "offset": 6746,
      "length": 9,
      "value": "\"Bearer \""
    },
    {
      "filePath": "\/Users\/goudaryuushi\/github\/SwiftAutoScreenShot_source\/SwiftAutoScreenShot\/ApiCleint.swift",
      "kind": "StringLiteral",
      "offset": 6790,
      "length": 15,
      "value": "\"Authorization\""
    },
    {
      "filePath": "\/Users\/goudaryuushi\/github\/SwiftAutoScreenShot_source\/SwiftAutoScreenShot\/ApiCleint.swift",
      "kind": "StringLiteral",
      "offset": 6866,
      "length": 43,
      "value": "\"multipart\/form-data; boundary=\""
    },
    {
      "filePath": "\/Users\/goudaryuushi\/github\/SwiftAutoScreenShot_source\/SwiftAutoScreenShot\/ApiCleint.swift",
      "kind": "StringLiteral",
      "offset": 6908,
      "length": 24,
      "value": "\"\""
    },
    {
      "filePath": "\/Users\/goudaryuushi\/github\/SwiftAutoScreenShot_source\/SwiftAutoScreenShot\/ApiCleint.swift",
      "kind": "StringLiteral",
      "offset": 6931,
      "length": 14,
      "value": "\"Content-Type\""
    },
    {
      "filePath": "\/Users\/goudaryuushi\/github\/SwiftAutoScreenShot_source\/SwiftAutoScreenShot\/ApiCleint.swift",
      "kind": "StringLiteral",
      "offset": 7010,
      "length": 11,
      "value": "\"projectId\""
    },
    {
      "filePath": "\/Users\/goudaryuushi\/github\/SwiftAutoScreenShot_source\/SwiftAutoScreenShot\/ApiCleint.swift",
      "kind": "StringLiteral",
      "offset": 7062,
      "length": 13,
      "value": "\"projectHash\""
    },
    {
      "filePath": "\/Users\/goudaryuushi\/github\/SwiftAutoScreenShot_source\/SwiftAutoScreenShot\/ApiCleint.swift",
      "kind": "StringLiteral",
      "offset": 7077,
      "length": 12,
      "value": "\"eNIvw5xa1x\""
    },
    {
      "filePath": "\/Users\/goudaryuushi\/github\/SwiftAutoScreenShot_source\/SwiftAutoScreenShot\/ApiCleint.swift",
      "kind": "StringLiteral",
      "offset": 7294,
      "length": 19,
      "value": "\"\""
    },
    {
      "filePath": "\/Users\/goudaryuushi\/github\/SwiftAutoScreenShot_source\/SwiftAutoScreenShot\/ApiCleint.swift",
      "kind": "StringLiteral",
      "offset": 7312,
      "length": 24,
      "value": "\"\""
    },
    {
      "filePath": "\/Users\/goudaryuushi\/github\/SwiftAutoScreenShot_source\/SwiftAutoScreenShot\/ApiCleint.swift",
      "kind": "StringLiteral",
      "offset": 7335,
      "length": 16,
      "value": "\"Content-Length\""
    },
    {
      "filePath": "\/Users\/goudaryuushi\/github\/SwiftAutoScreenShot_source\/SwiftAutoScreenShot\/ApiCleint.swift",
      "kind": "FloatLiteral",
      "offset": 7405,
      "length": 3,
      "value": "0.5"
    },
    {
      "filePath": "\/Users\/goudaryuushi\/github\/SwiftAutoScreenShot_source\/SwiftAutoScreenShot\/ApiCleint.swift",
      "kind": "StringLiteral",
      "offset": 7636,
      "length": 7,
      "value": "\"error\""
    },
    {
      "filePath": "\/Users\/goudaryuushi\/github\/SwiftAutoScreenShot_source\/SwiftAutoScreenShot\/ApiCleint.swift",
      "kind": "IntegerLiteral",
      "offset": 7731,
      "length": 3,
      "value": "200"
    },
    {
      "filePath": "\/Users\/goudaryuushi\/github\/SwiftAutoScreenShot_source\/SwiftAutoScreenShot\/ApiCleint.swift",
      "kind": "IntegerLiteral",
      "offset": 7737,
      "length": 3,
      "value": "400"
    },
    {
      "filePath": "\/Users\/goudaryuushi\/github\/SwiftAutoScreenShot_source\/SwiftAutoScreenShot\/ApiCleint.swift",
      "kind": "FloatLiteral",
      "offset": 8327,
      "length": 3,
      "value": "0.7"
    },
    {
      "filePath": "\/Users\/goudaryuushi\/github\/SwiftAutoScreenShot_source\/SwiftAutoScreenShot\/ApiCleint.swift",
      "kind": "FloatLiteral",
      "offset": 8920,
      "length": 3,
      "value": "1.0"
    },
    {
      "filePath": "\/Users\/goudaryuushi\/github\/SwiftAutoScreenShot_source\/SwiftAutoScreenShot\/ApiCleint.swift",
      "kind": "BooleanLiteral",
      "offset": 8936,
      "length": 5,
      "value": "false"
    },
    {
      "filePath": "\/Users\/goudaryuushi\/github\/SwiftAutoScreenShot_source\/SwiftAutoScreenShot\/ApiCleint.swift",
      "kind": "StringLiteral",
      "offset": 8978,
      "length": 14,
      "value": "\"decode Error\""
    },
    {
      "filePath": "\/Users\/goudaryuushi\/github\/SwiftAutoScreenShot_source\/SwiftAutoScreenShot\/ApiCleint.swift",
      "kind": "FloatLiteral",
      "offset": 9111,
      "length": 3,
      "value": "1.0"
    },
    {
      "filePath": "\/Users\/goudaryuushi\/github\/SwiftAutoScreenShot_source\/SwiftAutoScreenShot\/ApiCleint.swift",
      "kind": "BooleanLiteral",
      "offset": 9127,
      "length": 5,
      "value": "false"
    },
    {
      "filePath": "\/Users\/goudaryuushi\/github\/SwiftAutoScreenShot_source\/SwiftAutoScreenShot\/ApiCleint.swift",
      "kind": "StringLiteral",
      "offset": 9165,
      "length": 18,
      "value": "\"no response data\""
    },
    {
      "filePath": "\/Users\/goudaryuushi\/github\/SwiftAutoScreenShot_source\/SwiftAutoScreenShot\/ApiCleint.swift",
      "kind": "FloatLiteral",
      "offset": 9424,
      "length": 3,
      "value": "1.0"
    },
    {
      "filePath": "\/Users\/goudaryuushi\/github\/SwiftAutoScreenShot_source\/SwiftAutoScreenShot\/ApiCleint.swift",
      "kind": "BooleanLiteral",
      "offset": 9440,
      "length": 5,
      "value": "false"
    },
    {
      "filePath": "\/Users\/goudaryuushi\/github\/SwiftAutoScreenShot_source\/SwiftAutoScreenShot\/ApiCleint.swift",
      "kind": "StringLiteral",
      "offset": 9474,
      "length": 14,
      "value": "\"server error\""
    },
    {
      "filePath": "\/Users\/goudaryuushi\/github\/SwiftAutoScreenShot_source\/SwiftAutoScreenShot\/ApiCleint.swift",
      "kind": "FloatLiteral",
      "offset": 9584,
      "length": 3,
      "value": "1.0"
    },
    {
      "filePath": "\/Users\/goudaryuushi\/github\/SwiftAutoScreenShot_source\/SwiftAutoScreenShot\/ApiCleint.swift",
      "kind": "BooleanLiteral",
      "offset": 9600,
      "length": 5,
      "value": "false"
    },
    {
      "filePath": "\/Users\/goudaryuushi\/github\/SwiftAutoScreenShot_source\/SwiftAutoScreenShot\/ApiCleint.swift",
      "kind": "StringLiteral",
      "offset": 9680,
      "length": 15,
      "value": "\"session error\""
    },
    {
      "filePath": "\/Users\/goudaryuushi\/github\/SwiftAutoScreenShot_source\/SwiftAutoScreenShot\/ApiCleint.swift",
      "kind": "StringLiteral",
      "offset": 9895,
      "length": 6,
      "value": "\"\r\n\""
    },
    {
      "filePath": "\/Users\/goudaryuushi\/github\/SwiftAutoScreenShot_source\/SwiftAutoScreenShot\/ApiCleint.swift",
      "kind": "StringLiteral",
      "offset": 10032,
      "length": 27,
      "value": "\"--\""
    },
    {
      "filePath": "\/Users\/goudaryuushi\/github\/SwiftAutoScreenShot_source\/SwiftAutoScreenShot\/ApiCleint.swift",
      "kind": "StringLiteral",
      "offset": 10058,
      "length": 22,
      "value": "\"\""
    },
    {
      "filePath": "\/Users\/goudaryuushi\/github\/SwiftAutoScreenShot_source\/SwiftAutoScreenShot\/ApiCleint.swift",
      "kind": "StringLiteral",
      "offset": 10107,
      "length": 73,
      "value": "\"Content-Disposition: form-data; name=\"\""
    },
    {
      "filePath": "\/Users\/goudaryuushi\/github\/SwiftAutoScreenShot_source\/SwiftAutoScreenShot\/ApiCleint.swift",
      "kind": "StringLiteral",
      "offset": 10153,
      "length": 1,
      "value": "\"\"\""
    },
    {
      "filePath": "\/Users\/goudaryuushi\/github\/SwiftAutoScreenShot_source\/SwiftAutoScreenShot\/ApiCleint.swift",
      "kind": "StringLiteral",
      "offset": 10179,
      "length": 22,
      "value": "\"\""
    },
    {
      "filePath": "\/Users\/goudaryuushi\/github\/SwiftAutoScreenShot_source\/SwiftAutoScreenShot\/ApiCleint.swift",
      "kind": "StringLiteral",
      "offset": 10278,
      "length": 33,
      "value": "\"\""
    },
    {
      "filePath": "\/Users\/goudaryuushi\/github\/SwiftAutoScreenShot_source\/SwiftAutoScreenShot\/ApiCleint.swift",
      "kind": "StringLiteral",
      "offset": 10310,
      "length": 22,
      "value": "\"\""
    },
    {
      "filePath": "\/Users\/goudaryuushi\/github\/SwiftAutoScreenShot_source\/SwiftAutoScreenShot\/ApiCleint.swift",
      "kind": "StringLiteral",
      "offset": 10375,
      "length": 27,
      "value": "\"--\""
    },
    {
      "filePath": "\/Users\/goudaryuushi\/github\/SwiftAutoScreenShot_source\/SwiftAutoScreenShot\/ApiCleint.swift",
      "kind": "StringLiteral",
      "offset": 10401,
      "length": 22,
      "value": "\"\""
    },
    {
      "filePath": "\/Users\/goudaryuushi\/github\/SwiftAutoScreenShot_source\/SwiftAutoScreenShot\/ApiCleint.swift",
      "kind": "StringLiteral",
      "offset": 10444,
      "length": 88,
      "value": "\"Content-Disposition: form-data; name=\"screenshot\"; filename=\"file.png\"\""
    },
    {
      "filePath": "\/Users\/goudaryuushi\/github\/SwiftAutoScreenShot_source\/SwiftAutoScreenShot\/ApiCleint.swift",
      "kind": "StringLiteral",
      "offset": 10531,
      "length": 22,
      "value": "\"\""
    },
    {
      "filePath": "\/Users\/goudaryuushi\/github\/SwiftAutoScreenShot_source\/SwiftAutoScreenShot\/ApiCleint.swift",
      "kind": "StringLiteral",
      "offset": 10574,
      "length": 49,
      "value": "\"Content-Type: image\/png\""
    },
    {
      "filePath": "\/Users\/goudaryuushi\/github\/SwiftAutoScreenShot_source\/SwiftAutoScreenShot\/ApiCleint.swift",
      "kind": "StringLiteral",
      "offset": 10622,
      "length": 22,
      "value": "\"\""
    },
    {
      "filePath": "\/Users\/goudaryuushi\/github\/SwiftAutoScreenShot_source\/SwiftAutoScreenShot\/ApiCleint.swift",
      "kind": "StringLiteral",
      "offset": 10795,
      "length": 29,
      "value": "\"--\""
    },
    {
      "filePath": "\/Users\/goudaryuushi\/github\/SwiftAutoScreenShot_source\/SwiftAutoScreenShot\/ApiCleint.swift",
      "kind": "StringLiteral",
      "offset": 10809,
      "length": 2,
      "value": "\"--\""
    },
    {
      "filePath": "\/Users\/goudaryuushi\/github\/SwiftAutoScreenShot_source\/SwiftAutoScreenShot\/ApiCleint.swift",
      "kind": "StringLiteral",
      "offset": 10823,
      "length": 22,
      "value": "\"\""
    },
    {
      "filePath": "\/Users\/goudaryuushi\/github\/SwiftAutoScreenShot_source\/SwiftAutoScreenShot\/ApiCleint.swift",
      "kind": "StringLiteral",
      "offset": 11155,
      "length": 19,
      "value": "\"invalid url error\""
    },
    {
      "filePath": "\/Users\/goudaryuushi\/github\/SwiftAutoScreenShot_source\/SwiftAutoScreenShot\/ApiCleint.swift",
      "kind": "BooleanLiteral",
      "offset": 11267,
      "length": 4,
      "value": "true"
    },
    {
      "filePath": "\/Users\/goudaryuushi\/github\/SwiftAutoScreenShot_source\/SwiftAutoScreenShot\/ApiCleint.swift",
      "kind": "StringLiteral",
      "offset": 11330,
      "length": 17,
      "value": "\"compareResultId\""
    },
    {
      "filePath": "\/Users\/goudaryuushi\/github\/SwiftAutoScreenShot_source\/SwiftAutoScreenShot\/ApiCleint.swift",
      "kind": "StringLiteral",
      "offset": 11424,
      "length": 19,
      "value": "\"compareResultHash\""
    },
    {
      "filePath": "\/Users\/goudaryuushi\/github\/SwiftAutoScreenShot_source\/SwiftAutoScreenShot\/ApiCleint.swift",
      "kind": "StringLiteral",
      "offset": 11560,
      "length": 5,
      "value": "\"GET\""
    },
    {
      "filePath": "\/Users\/goudaryuushi\/github\/SwiftAutoScreenShot_source\/SwiftAutoScreenShot\/ApiCleint.swift",
      "kind": "StringLiteral",
      "offset": 11595,
      "length": 9,
      "value": "\"Bearer \""
    },
    {
      "filePath": "\/Users\/goudaryuushi\/github\/SwiftAutoScreenShot_source\/SwiftAutoScreenShot\/ApiCleint.swift",
      "kind": "StringLiteral",
      "offset": 11639,
      "length": 15,
      "value": "\"Authorization\""
    },
    {
      "filePath": "\/Users\/goudaryuushi\/github\/SwiftAutoScreenShot_source\/SwiftAutoScreenShot\/ApiCleint.swift",
      "kind": "StringLiteral",
      "offset": 11926,
      "length": 7,
      "value": "\"error\""
    },
    {
      "filePath": "\/Users\/goudaryuushi\/github\/SwiftAutoScreenShot_source\/SwiftAutoScreenShot\/ApiCleint.swift",
      "kind": "IntegerLiteral",
      "offset": 12021,
      "length": 3,
      "value": "200"
    },
    {
      "filePath": "\/Users\/goudaryuushi\/github\/SwiftAutoScreenShot_source\/SwiftAutoScreenShot\/ApiCleint.swift",
      "kind": "IntegerLiteral",
      "offset": 12027,
      "length": 3,
      "value": "400"
    },
    {
      "filePath": "\/Users\/goudaryuushi\/github\/SwiftAutoScreenShot_source\/SwiftAutoScreenShot\/ApiCleint.swift",
      "kind": "StringLiteral",
      "offset": 12591,
      "length": 14,
      "value": "\"decode error\""
    },
    {
      "filePath": "\/Users\/goudaryuushi\/github\/SwiftAutoScreenShot_source\/SwiftAutoScreenShot\/ApiCleint.swift",
      "kind": "StringLiteral",
      "offset": 12692,
      "length": 18,
      "value": "\"no response data\""
    },
    {
      "filePath": "\/Users\/goudaryuushi\/github\/SwiftAutoScreenShot_source\/SwiftAutoScreenShot\/ApiCleint.swift",
      "kind": "StringLiteral",
      "offset": 12785,
      "length": 14,
      "value": "\"server error\""
    },
    {
      "filePath": "\/Users\/goudaryuushi\/github\/SwiftAutoScreenShot_source\/SwiftAutoScreenShot\/ApiCleint.swift",
      "kind": "StringLiteral",
      "offset": 12863,
      "length": 15,
      "value": "\"session error\""
    },
    {
      "filePath": "\/Users\/goudaryuushi\/github\/SwiftAutoScreenShot_source\/SwiftAutoScreenShot\/ApiCleint.swift",
      "kind": "StringLiteral",
      "offset": 13009,
      "length": 2,
      "value": "\"\""
    },
    {
      "filePath": "\/Users\/goudaryuushi\/github\/SwiftAutoScreenShot_source\/SwiftAutoScreenShot\/ApiCleint.swift",
      "kind": "IntegerLiteral",
      "offset": 13182,
      "length": 1,
      "value": "1"
    },
    {
      "filePath": "\/Users\/goudaryuushi\/github\/SwiftAutoScreenShot_source\/SwiftAutoScreenShot\/ApiCleint.swift",
      "kind": "FloatLiteral",
      "offset": 13394,
      "length": 3,
      "value": "1.0"
    },
    {
      "filePath": "\/Users\/goudaryuushi\/github\/SwiftAutoScreenShot_source\/SwiftAutoScreenShot\/ApiCleint.swift",
      "kind": "BooleanLiteral",
      "offset": 13410,
      "length": 5,
      "value": "false"
    },
    {
      "filePath": "\/Users\/goudaryuushi\/github\/SwiftAutoScreenShot_source\/SwiftAutoScreenShot\/ApiCleint.swift",
      "kind": "IntegerLiteral",
      "offset": 13453,
      "length": 1,
      "value": "0"
    },
    {
      "filePath": "\/Users\/goudaryuushi\/github\/SwiftAutoScreenShot_source\/SwiftAutoScreenShot\/ApiCleint.swift",
      "kind": "StringLiteral",
      "offset": 13493,
      "length": 41,
      "value": "\"チェックタイムアウトエラー\""
    },
    {
      "filePath": "\/Users\/goudaryuushi\/github\/SwiftAutoScreenShot_source\/SwiftAutoScreenShot\/ApiCleint.swift",
      "kind": "StringLiteral",
      "offset": 13559,
      "length": 15,
      "value": "\"timeout error\""
    },
    {
      "filePath": "\/Users\/goudaryuushi\/github\/SwiftAutoScreenShot_source\/SwiftAutoScreenShot\/ApiCleint.swift",
      "kind": "IntegerLiteral",
      "offset": 13724,
      "length": 1,
      "value": "5"
    },
    {
      "filePath": "\/Users\/goudaryuushi\/github\/SwiftAutoScreenShot_source\/SwiftAutoScreenShot\/ApiCleint.swift",
      "kind": "IntegerLiteral",
      "offset": 13728,
      "length": 13,
      "value": "1000000000"
    },
    {
      "filePath": "\/Users\/goudaryuushi\/github\/SwiftAutoScreenShot_source\/SwiftAutoScreenShot\/ApiCleint.swift",
      "kind": "IntegerLiteral",
      "offset": 13983,
      "length": 1,
      "value": "0"
    },
    {
      "filePath": "\/Users\/goudaryuushi\/github\/SwiftAutoScreenShot_source\/SwiftAutoScreenShot\/ApiCleint.swift",
      "kind": "FloatLiteral",
      "offset": 14036,
      "length": 3,
      "value": "1.0"
    },
    {
      "filePath": "\/Users\/goudaryuushi\/github\/SwiftAutoScreenShot_source\/SwiftAutoScreenShot\/ApiCleint.swift",
      "kind": "BooleanLiteral",
      "offset": 14052,
      "length": 4,
      "value": "true"
    },
    {
      "filePath": "\/Users\/goudaryuushi\/github\/SwiftAutoScreenShot_source\/SwiftAutoScreenShot\/ApiCleint.swift",
      "kind": "StringLiteral",
      "offset": 14269,
      "length": 109,
      "value": "\"https:\/\/app.ui-scan.com\/project\/scan-results\/?ti=\""
    },
    {
      "filePath": "\/Users\/goudaryuushi\/github\/SwiftAutoScreenShot_source\/SwiftAutoScreenShot\/ApiCleint.swift",
      "kind": "StringLiteral",
      "offset": 14328,
      "length": 1,
      "value": "\"&th=\""
    },
    {
      "filePath": "\/Users\/goudaryuushi\/github\/SwiftAutoScreenShot_source\/SwiftAutoScreenShot\/ApiCleint.swift",
      "kind": "StringLiteral",
      "offset": 14343,
      "length": 1,
      "value": "\"&pi=\""
    },
    {
      "filePath": "\/Users\/goudaryuushi\/github\/SwiftAutoScreenShot_source\/SwiftAutoScreenShot\/ApiCleint.swift",
      "kind": "StringLiteral",
      "offset": 14359,
      "length": 1,
      "value": "\"&ph=\""
    },
    {
      "filePath": "\/Users\/goudaryuushi\/github\/SwiftAutoScreenShot_source\/SwiftAutoScreenShot\/ApiCleint.swift",
      "kind": "StringLiteral",
      "offset": 14377,
      "length": 1,
      "value": "\"\""
    },
    {
      "filePath": "\/Users\/goudaryuushi\/github\/SwiftAutoScreenShot_source\/SwiftAutoScreenShot\/ApiCleint.swift",
      "kind": "StringLiteral",
      "offset": 14401,
      "length": 85,
      "value": "\"以下のURLにアクセスいただくと比較結果をご覧いただけます\n\""
    },
    {
      "filePath": "\/Users\/goudaryuushi\/github\/SwiftAutoScreenShot_source\/SwiftAutoScreenShot\/AutoScreenShot.swift",
      "kind": "BooleanLiteral",
      "offset": 346,
      "length": 5,
      "value": "false"
    },
    {
      "filePath": "\/Users\/goudaryuushi\/github\/SwiftAutoScreenShot_source\/SwiftAutoScreenShot\/AutoScreenShot.swift",
      "kind": "BooleanLiteral",
      "offset": 483,
      "length": 4,
      "value": "true"
    },
    {
      "filePath": "\/Users\/goudaryuushi\/github\/SwiftAutoScreenShot_source\/SwiftAutoScreenShot\/AutoScreenShot.swift",
      "kind": "StringLiteral",
      "offset": 1502,
      "length": 4,
      "value": "\"OK\""
    },
    {
      "filePath": "\/Users\/goudaryuushi\/github\/SwiftAutoScreenShot_source\/SwiftAutoScreenShot\/AutoScreenShot.swift",
      "kind": "StringLiteral",
      "offset": 1985,
      "length": 16,
      "value": "\"UploadProgress\""
    },
    {
      "filePath": "\/Users\/goudaryuushi\/github\/SwiftAutoScreenShot_source\/SwiftAutoScreenShot\/AutoScreenShot.swift",
      "kind": "StringLiteral",
      "offset": 2061,
      "length": 16,
      "value": "\"uploadProgress\""
    },
    {
      "filePath": "\/Users\/goudaryuushi\/github\/SwiftAutoScreenShot_source\/SwiftAutoScreenShot\/AutoScreenShot.swift",
      "kind": "BooleanLiteral",
      "offset": 2219,
      "length": 4,
      "value": "true"
    },
    {
      "filePath": "\/Users\/goudaryuushi\/github\/SwiftAutoScreenShot_source\/SwiftAutoScreenShot\/AutoScreenShot.swift",
      "kind": "BooleanLiteral",
      "offset": 2632,
      "length": 4,
      "value": "true"
    },
    {
      "filePath": "\/Users\/goudaryuushi\/github\/SwiftAutoScreenShot_source\/SwiftAutoScreenShot\/AutoScreenShot.swift",
      "kind": "BooleanLiteral",
      "offset": 4083,
      "length": 4,
      "value": "true"
    },
    {
      "filePath": "\/Users\/goudaryuushi\/github\/SwiftAutoScreenShot_source\/SwiftAutoScreenShot\/AutoScreenShot.swift",
      "kind": "StringLiteral",
      "offset": 4646,
      "length": 4,
      "value": "\"OK\""
    },
    {
      "filePath": "\/Users\/goudaryuushi\/github\/SwiftAutoScreenShot_source\/SwiftAutoScreenShot\/AutoScreenShot.swift",
      "kind": "FloatLiteral",
      "offset": 4715,
      "length": 3,
      "value": "0.0"
    },
    {
      "filePath": "\/Users\/goudaryuushi\/github\/SwiftAutoScreenShot_source\/SwiftAutoScreenShot\/AutoScreenShot.swift",
      "kind": "BooleanLiteral",
      "offset": 4753,
      "length": 4,
      "value": "true"
    },
    {
      "filePath": "\/Users\/goudaryuushi\/github\/SwiftAutoScreenShot_source\/SwiftAutoScreenShot\/AutoScreenShot.swift",
      "kind": "BooleanLiteral",
      "offset": 5304,
      "length": 4,
      "value": "true"
    },
    {
      "filePath": "\/Users\/goudaryuushi\/github\/SwiftAutoScreenShot_source\/SwiftAutoScreenShot\/AutoScreenShot.swift",
      "kind": "StringLiteral",
      "offset": 5760,
      "length": 4,
      "value": "\"OK\""
    },
    {
      "filePath": "\/Users\/goudaryuushi\/github\/SwiftAutoScreenShot_source\/SwiftAutoScreenShot\/AutoScreenShot.swift",
      "kind": "IntegerLiteral",
      "offset": 5973,
      "length": 1,
      "value": "1"
    },
    {
      "filePath": "\/Users\/goudaryuushi\/github\/SwiftAutoScreenShot_source\/SwiftAutoScreenShot\/AutoScreenShot.swift",
      "kind": "IntegerLiteral",
      "offset": 5999,
      "length": 1,
      "value": "0"
    },
    {
      "filePath": "\/Users\/goudaryuushi\/github\/SwiftAutoScreenShot_source\/SwiftAutoScreenShot\/AutoScreenShot.swift",
      "kind": "IntegerLiteral",
      "offset": 6074,
      "length": 1,
      "value": "1"
    },
    {
      "filePath": "\/Users\/goudaryuushi\/github\/SwiftAutoScreenShot_source\/SwiftAutoScreenShot\/AutoScreenShot.swift",
      "kind": "IntegerLiteral",
      "offset": 6097,
      "length": 1,
      "value": "1"
    },
    {
      "filePath": "\/Users\/goudaryuushi\/github\/SwiftAutoScreenShot_source\/SwiftAutoScreenShot\/AutoScreenShot.swift",
      "kind": "BooleanLiteral",
      "offset": 6212,
      "length": 4,
      "value": "true"
    },
    {
      "filePath": "\/Users\/goudaryuushi\/github\/SwiftAutoScreenShot_source\/SwiftAutoScreenShot\/AutoScreenShot.swift",
      "kind": "FloatLiteral",
      "offset": 6294,
      "length": 3,
      "value": "1.0"
    },
    {
      "filePath": "\/Users\/goudaryuushi\/github\/SwiftAutoScreenShot_source\/SwiftAutoScreenShot\/AutoScreenShot.swift",
      "kind": "IntegerLiteral",
      "offset": 6370,
      "length": 1,
      "value": "0"
    },
    {
      "filePath": "\/Users\/goudaryuushi\/github\/SwiftAutoScreenShot_source\/SwiftAutoScreenShot\/AutoScreenShot.swift",
      "kind": "BooleanLiteral",
      "offset": 6422,
      "length": 5,
      "value": "false"
    },
    {
      "filePath": "\/Users\/goudaryuushi\/github\/SwiftAutoScreenShot_source\/SwiftAutoScreenShot\/AutoScreenShot.swift",
      "kind": "FloatLiteral",
      "offset": 6494,
      "length": 3,
      "value": "1.0"
    },
    {
      "filePath": "\/Users\/goudaryuushi\/github\/SwiftAutoScreenShot_source\/SwiftAutoScreenShot\/AutoScreenShot.swift",
      "kind": "FloatLiteral",
      "offset": 6557,
      "length": 3,
      "value": "0.0"
    },
    {
      "filePath": "\/Users\/goudaryuushi\/github\/SwiftAutoScreenShot_source\/SwiftAutoScreenShot\/AutoScreenShot.swift",
      "kind": "BooleanLiteral",
      "offset": 6603,
      "length": 4,
      "value": "true"
    },
    {
      "filePath": "\/Users\/goudaryuushi\/github\/SwiftAutoScreenShot_source\/SwiftAutoScreenShot\/AutoScreenShot.swift",
      "kind": "BooleanLiteral",
      "offset": 7284,
      "length": 4,
      "value": "true"
    },
    {
      "filePath": "\/Users\/goudaryuushi\/github\/SwiftAutoScreenShot_source\/SwiftAutoScreenShot\/AutoScreenShot.swift",
      "kind": "StringLiteral",
      "offset": 7772,
      "length": 4,
      "value": "\"OK\""
    },
    {
      "filePath": "\/Users\/goudaryuushi\/github\/SwiftAutoScreenShot_source\/SwiftAutoScreenShot\/AutoScreenShot.swift",
      "kind": "IntegerLiteral",
      "offset": 8163,
      "length": 1,
      "value": "0"
    },
    {
      "filePath": "\/Users\/goudaryuushi\/github\/SwiftAutoScreenShot_source\/SwiftAutoScreenShot\/AutoScreenShot.swift",
      "kind": "BooleanLiteral",
      "offset": 8177,
      "length": 4,
      "value": "true"
    },
    {
      "filePath": "\/Users\/goudaryuushi\/github\/SwiftAutoScreenShot_source\/SwiftAutoScreenShot\/AutoScreenShot.swift",
      "kind": "FloatLiteral",
      "offset": 8244,
      "length": 3,
      "value": "1.0"
    },
    {
      "filePath": "\/Users\/goudaryuushi\/github\/SwiftAutoScreenShot_source\/SwiftAutoScreenShot\/AutoScreenShot.swift",
      "kind": "IntegerLiteral",
      "offset": 8416,
      "length": 1,
      "value": "0"
    },
    {
      "filePath": "\/Users\/goudaryuushi\/github\/SwiftAutoScreenShot_source\/SwiftAutoScreenShot\/AutoScreenShot.swift",
      "kind": "BooleanLiteral",
      "offset": 8460,
      "length": 4,
      "value": "true"
    },
    {
      "filePath": "\/Users\/goudaryuushi\/github\/SwiftAutoScreenShot_source\/SwiftAutoScreenShot\/AutoScreenShot.swift",
      "kind": "FloatLiteral",
      "offset": 8531,
      "length": 3,
      "value": "1.0"
    },
    {
      "filePath": "\/Users\/goudaryuushi\/github\/SwiftAutoScreenShot_source\/SwiftAutoScreenShot\/AutoScreenShot.swift",
      "kind": "IntegerLiteral",
      "offset": 8585,
      "length": 1,
      "value": "0"
    },
    {
      "filePath": "\/Users\/goudaryuushi\/github\/SwiftAutoScreenShot_source\/SwiftAutoScreenShot\/AutoScreenShot.swift",
      "kind": "BooleanLiteral",
      "offset": 8597,
      "length": 4,
      "value": "true"
    },
    {
      "filePath": "\/Users\/goudaryuushi\/github\/SwiftAutoScreenShot_source\/SwiftAutoScreenShot\/AutoScreenShot.swift",
      "kind": "IntegerLiteral",
      "offset": 9518,
      "length": 1,
      "value": "0"
    },
    {
      "filePath": "\/Users\/goudaryuushi\/github\/SwiftAutoScreenShot_source\/SwiftAutoScreenShot\/AutoScreenShot.swift",
      "kind": "IntegerLiteral",
      "offset": 12368,
      "length": 1,
      "value": "0"
    },
    {
      "filePath": "\/Users\/goudaryuushi\/github\/SwiftAutoScreenShot_source\/SwiftAutoScreenShot\/AutoScreenShot.swift",
      "kind": "IntegerLiteral",
      "offset": 12374,
      "length": 1,
      "value": "0"
    },
    {
      "filePath": "\/Users\/goudaryuushi\/github\/SwiftAutoScreenShot_source\/SwiftAutoScreenShot\/AutoScreenShot.swift",
      "kind": "BooleanLiteral",
      "offset": 13666,
      "length": 4,
      "value": "true"
    },
    {
      "filePath": "\/Users\/goudaryuushi\/github\/SwiftAutoScreenShot_source\/SwiftAutoScreenShot\/AutoScreenShot.swift",
      "kind": "IntegerLiteral",
      "offset": 13947,
      "length": 1,
      "value": "0"
    },
    {
      "filePath": "\/Users\/goudaryuushi\/github\/SwiftAutoScreenShot_source\/SwiftAutoScreenShot\/AutoScreenShot.swift",
      "kind": "BooleanLiteral",
      "offset": 13978,
      "length": 5,
      "value": "false"
    },
    {
      "filePath": "\/Users\/goudaryuushi\/github\/SwiftAutoScreenShot_source\/SwiftAutoScreenShot\/AutoScreenShot.swift",
      "kind": "BooleanLiteral",
      "offset": 14658,
      "length": 5,
      "value": "false"
    },
    {
      "filePath": "\/Users\/goudaryuushi\/github\/SwiftAutoScreenShot_source\/SwiftAutoScreenShot\/AutoScreenShot.swift",
      "kind": "IntegerLiteral",
      "offset": 16327,
      "length": 1,
      "value": "0"
    },
    {
      "filePath": "\/Users\/goudaryuushi\/github\/SwiftAutoScreenShot_source\/SwiftAutoScreenShot\/AutoScreenShot.swift",
      "kind": "BooleanLiteral",
      "offset": 16358,
      "length": 5,
      "value": "false"
    },
    {
      "filePath": "\/Users\/goudaryuushi\/github\/SwiftAutoScreenShot_source\/SwiftAutoScreenShot\/AutoScreenShot.swift",
      "kind": "IntegerLiteral",
      "offset": 16425,
      "length": 1,
      "value": "0"
    },
    {
      "filePath": "\/Users\/goudaryuushi\/github\/SwiftAutoScreenShot_source\/SwiftAutoScreenShot\/AutoScreenShot.swift",
      "kind": "IntegerLiteral",
      "offset": 17049,
      "length": 1,
      "value": "2"
    },
    {
      "filePath": "\/Users\/goudaryuushi\/github\/SwiftAutoScreenShot_source\/SwiftAutoScreenShot\/AutoScreenShot.swift",
      "kind": "IntegerLiteral",
      "offset": 17053,
      "length": 1,
      "value": "0"
    },
    {
      "filePath": "\/Users\/goudaryuushi\/github\/SwiftAutoScreenShot_source\/SwiftAutoScreenShot\/AutoScreenShot.swift",
      "kind": "BooleanLiteral",
      "offset": 17444,
      "length": 4,
      "value": "true"
    },
    {
      "filePath": "\/Users\/goudaryuushi\/github\/SwiftAutoScreenShot_source\/SwiftAutoScreenShot\/AutoScreenShot.swift",
      "kind": "IntegerLiteral",
      "offset": 17818,
      "length": 1,
      "value": "0"
    },
    {
      "filePath": "\/Users\/goudaryuushi\/github\/SwiftAutoScreenShot_source\/SwiftAutoScreenShot\/AutoScreenShot.swift",
      "kind": "BooleanLiteral",
      "offset": 17849,
      "length": 5,
      "value": "false"
    },
    {
      "filePath": "\/Users\/goudaryuushi\/github\/SwiftAutoScreenShot_source\/SwiftAutoScreenShot\/AutoScreenShot.swift",
      "kind": "IntegerLiteral",
      "offset": 18681,
      "length": 1,
      "value": "0"
    },
    {
      "filePath": "\/Users\/goudaryuushi\/github\/SwiftAutoScreenShot_source\/SwiftAutoScreenShot\/AutoScreenShot.swift",
      "kind": "BooleanLiteral",
      "offset": 19142,
      "length": 5,
      "value": "false"
    },
    {
      "filePath": "\/Users\/goudaryuushi\/github\/SwiftAutoScreenShot_source\/SwiftAutoScreenShot\/AutoScreenShot.swift",
      "kind": "BooleanLiteral",
      "offset": 20880,
      "length": 5,
      "value": "false"
    },
    {
      "filePath": "\/Users\/goudaryuushi\/github\/SwiftAutoScreenShot_source\/SwiftAutoScreenShot\/AutoScreenShot.swift",
      "kind": "IntegerLiteral",
      "offset": 21565,
      "length": 1,
      "value": "0"
    },
    {
      "filePath": "\/Users\/goudaryuushi\/github\/SwiftAutoScreenShot_source\/SwiftAutoScreenShot\/AutoScreenShot.swift",
      "kind": "IntegerLiteral",
      "offset": 21795,
      "length": 1,
      "value": "0"
    },
    {
      "filePath": "\/Users\/goudaryuushi\/github\/SwiftAutoScreenShot_source\/SwiftAutoScreenShot\/AutoScreenShot.swift",
      "kind": "IntegerLiteral",
      "offset": 22104,
      "length": 1,
      "value": "0"
    },
    {
      "filePath": "\/Users\/goudaryuushi\/github\/SwiftAutoScreenShot_source\/SwiftAutoScreenShot\/AutoScreenShot.swift",
      "kind": "IntegerLiteral",
      "offset": 22402,
      "length": 1,
      "value": "0"
    },
    {
      "filePath": "\/Users\/goudaryuushi\/github\/SwiftAutoScreenShot_source\/SwiftAutoScreenShot\/AutoScreenShot.swift",
      "kind": "IntegerLiteral",
      "offset": 22434,
      "length": 1,
      "value": "1"
    },
    {
      "filePath": "\/Users\/goudaryuushi\/github\/SwiftAutoScreenShot_source\/SwiftAutoScreenShot\/AutoScreenShot.swift",
      "kind": "IntegerLiteral",
      "offset": 22484,
      "length": 1,
      "value": "1"
    },
    {
      "filePath": "\/Users\/goudaryuushi\/github\/SwiftAutoScreenShot_source\/SwiftAutoScreenShot\/AutoScreenShot.swift",
      "kind": "IntegerLiteral",
      "offset": 22550,
      "length": 1,
      "value": "0"
    },
    {
      "filePath": "\/Users\/goudaryuushi\/github\/SwiftAutoScreenShot_source\/SwiftAutoScreenShot\/AutoScreenShot.swift",
      "kind": "StringLiteral",
      "offset": 23133,
      "length": 33,
      "value": "\"UI SCANを実行しますか？\""
    },
    {
      "filePath": "\/Users\/goudaryuushi\/github\/SwiftAutoScreenShot_source\/SwiftAutoScreenShot\/AutoScreenShot.swift",
      "kind": "StringLiteral",
      "offset": 23215,
      "length": 120,
      "value": "\"OKを選択するとスキャンを開始します。\nスキャン中は画面をタップしないでください。\""
    },
    {
      "filePath": "\/Users\/goudaryuushi\/github\/SwiftAutoScreenShot_source\/SwiftAutoScreenShot\/AutoScreenShot.swift",
      "kind": "StringLiteral",
      "offset": 23478,
      "length": 17,
      "value": "\"キャンセル\""
    },
    {
      "filePath": "\/Users\/goudaryuushi\/github\/SwiftAutoScreenShot_source\/SwiftAutoScreenShot\/AutoScreenShot.swift",
      "kind": "StringLiteral",
      "offset": 23656,
      "length": 61,
      "value": "\"スクロール可能なUIを検知できませんでした\""
    },
    {
      "filePath": "\/Users\/goudaryuushi\/github\/SwiftAutoScreenShot_source\/SwiftAutoScreenShot\/AutoScreenShot.swift",
      "kind": "StringLiteral",
      "offset": 23766,
      "length": 2,
      "value": "\"\""
    },
    {
      "filePath": "\/Users\/goudaryuushi\/github\/SwiftAutoScreenShot_source\/SwiftAutoScreenShot\/AutoScreenShot.swift",
      "kind": "StringLiteral",
      "offset": 23874,
      "length": 4,
      "value": "\"OK\""
    },
    {
      "filePath": "\/Users\/goudaryuushi\/github\/SwiftAutoScreenShot_source\/SwiftAutoScreenShot\/AutoScreenShot.swift",
      "kind": "StringLiteral",
      "offset": 24238,
      "length": 16,
      "value": "\"UploadProgress\""
    },
    {
      "filePath": "\/Users\/goudaryuushi\/github\/SwiftAutoScreenShot_source\/SwiftAutoScreenShot\/AutoScreenShot.swift",
      "kind": "StringLiteral",
      "offset": 24356,
      "length": 16,
      "value": "\"uploadProgress\""
    },
    {
      "filePath": "\/Users\/goudaryuushi\/github\/SwiftAutoScreenShot_source\/SwiftAutoScreenShot\/AutoScreenShot.swift",
      "kind": "IntegerLiteral",
      "offset": 24511,
      "length": 13,
      "value": "1000000000"
    },
    {
      "filePath": "\/Users\/goudaryuushi\/github\/SwiftAutoScreenShot_source\/SwiftAutoScreenShot\/UploadProgress.swift",
      "kind": "FloatLiteral",
      "offset": 370,
      "length": 3,
      "value": "0.0"
    },
    {
      "filePath": "\/Users\/goudaryuushi\/github\/SwiftAutoScreenShot_source\/SwiftAutoScreenShot\/UploadProgress.swift",
      "kind": "BooleanLiteral",
      "offset": 385,
      "length": 5,
      "value": "false"
    },
    {
      "filePath": "\/Users\/goudaryuushi\/github\/SwiftAutoScreenShot_source\/SwiftAutoScreenShot\/UploadProgress.swift",
      "kind": "BooleanLiteral",
      "offset": 464,
      "length": 4,
      "value": "true"
    },
    {
      "filePath": "\/Users\/goudaryuushi\/github\/SwiftAutoScreenShot_source\/SwiftAutoScreenShot\/UploadProgress.swift",
      "kind": "FloatLiteral",
      "offset": 509,
      "length": 3,
      "value": "1.0"
    },
    {
      "filePath": "\/Users\/goudaryuushi\/github\/SwiftAutoScreenShot_source\/SwiftAutoScreenShot\/UploadProgress.swift",
      "kind": "BooleanLiteral",
      "offset": 588,
      "length": 4,
      "value": "true"
    },
    {
      "filePath": "\/Users\/goudaryuushi\/github\/SwiftAutoScreenShot_source\/SwiftAutoScreenShot\/UploadProgress.swift",
      "kind": "FloatLiteral",
      "offset": 653,
      "length": 3,
      "value": "1.0"
    },
    {
      "filePath": "\/Users\/goudaryuushi\/github\/SwiftAutoScreenShot_source\/SwiftAutoScreenShot\/UploadProgress.swift",
      "kind": "BooleanLiteral",
      "offset": 987,
      "length": 4,
      "value": "true"
    },
    {
      "filePath": "\/Users\/goudaryuushi\/github\/SwiftAutoScreenShot_source\/SwiftAutoScreenShot\/UploadProgress.swift",
      "kind": "StringLiteral",
      "offset": 1132,
      "length": 53,
      "value": "\"スキャン結果をアップロードしました\""
    },
    {
      "filePath": "\/Users\/goudaryuushi\/github\/SwiftAutoScreenShot_source\/SwiftAutoScreenShot\/UploadProgress.swift",
      "kind": "StringLiteral",
      "offset": 1234,
      "length": 70,
      "value": "\"コンソールからスキャン結果を\n確認してください\""
    },
    {
      "filePath": "\/Users\/goudaryuushi\/github\/SwiftAutoScreenShot_source\/SwiftAutoScreenShot\/UploadProgress.swift",
      "kind": "StringLiteral",
      "offset": 1413,
      "length": 8,
      "value": "\"完了\""
    },
    {
      "filePath": "\/Users\/goudaryuushi\/github\/SwiftAutoScreenShot_source\/SwiftAutoScreenShot\/UploadProgress.swift",
      "kind": "BooleanLiteral",
      "offset": 1481,
      "length": 4,
      "value": "true"
    },
    {
      "filePath": "\/Users\/goudaryuushi\/github\/SwiftAutoScreenShot_source\/SwiftAutoScreenShot\/UploadProgress.swift",
      "kind": "StringLiteral",
      "offset": 1633,
      "length": 41,
      "value": "\"アップロードに失敗しました\""
    },
    {
      "filePath": "\/Users\/goudaryuushi\/github\/SwiftAutoScreenShot_source\/SwiftAutoScreenShot\/UploadProgress.swift",
      "kind": "StringLiteral",
      "offset": 1723,
      "length": 104,
      "value": "\"ネットワーク接続とライブラリの設定を確認して再度スキャンしてください\""
    },
    {
      "filePath": "\/Users\/goudaryuushi\/github\/SwiftAutoScreenShot_source\/SwiftAutoScreenShot\/UploadProgress.swift",
      "kind": "StringLiteral",
      "offset": 1936,
      "length": 11,
      "value": "\"閉じる\""
    },
    {
      "filePath": "\/Users\/goudaryuushi\/github\/SwiftAutoScreenShot_source\/SwiftAutoScreenShot\/UploadProgress.swift",
      "kind": "BooleanLiteral",
      "offset": 2007,
      "length": 4,
      "value": "true"
    },
    {
      "filePath": "\/Users\/goudaryuushi\/github\/SwiftAutoScreenShot_source\/SwiftAutoScreenShot\/CustomView\/StartDialog.swift",
      "kind": "StringLiteral",
      "offset": 552,
      "length": 13,
      "value": "\"StartDialog\""
    },
    {
      "filePath": "\/Users\/goudaryuushi\/github\/SwiftAutoScreenShot_source\/SwiftAutoScreenShot\/CustomView\/StartDialog.swift",
      "kind": "StringLiteral",
      "offset": 787,
      "length": 39,
      "value": "\"init(coder:) has not been implemented\""
    }
  ]
}