{
  "ABIRoot": {
    "kind": "Root",
    "name": "TopLevel",
    "printedName": "TopLevel",
    "children": [
      {
        "kind": "Import",
        "name": "Foundation",
        "printedName": "Foundation",
        "declKind": "Import",
        "moduleName": "SwiftAutoScreenShot",
        "declAttributes": [
          "RawDocComment"
        ]
      },
      {
        "kind": "Import",
        "name": "UIKit",
        "printedName": "UIKit",
        "declKind": "Import",
        "moduleName": "SwiftAutoScreenShot"
      },
      {
        "kind": "Import",
        "name": "Foundation",
        "printedName": "Foundation",
        "declKind": "Import",
        "moduleName": "SwiftAutoScreenShot",
        "declAttributes": [
          "RawDocComment"
        ]
      },
      {
        "kind": "Import",
        "name": "UIKit",
        "printedName": "UIKit",
        "declKind": "Import",
        "moduleName": "SwiftAutoScreenShot"
      },
      {
        "kind": "Import",
        "name": "Photos",
        "printedName": "Photos",
        "declKind": "Import",
        "moduleName": "SwiftAutoScreenShot"
      },
      {
        "kind": "Import",
        "name": "WebKit",
        "printedName": "WebKit",
        "declKind": "Import",
        "moduleName": "SwiftAutoScreenShot"
      },
      {
        "kind": "TypeDecl",
        "name": "AutoScreenShot",
        "printedName": "AutoScreenShot",
        "children": [
          {
            "kind": "Var",
            "name": "isSaveAllScreenShot",
            "printedName": "isSaveAllScreenShot",
            "children": [
              {
                "kind": "TypeNominal",
                "name": "Bool",
                "printedName": "Swift.Bool",
                "usr": "s:Sb"
              }
            ],
            "declKind": "Var",
            "usr": "s:19SwiftAutoScreenShot0bcD0C09isSaveAllcD0Sbvp",
            "mangledName": "$s19SwiftAutoScreenShot0bcD0C09isSaveAllcD0Sbvp",
            "moduleName": "SwiftAutoScreenShot",
            "declAttributes": [
              "HasInitialValue",
              "HasStorage",
              "AccessControl"
            ],
            "hasStorage": true,
            "accessors": [
              {
                "kind": "Accessor",
                "name": "Get",
                "printedName": "Get()",
                "children": [
                  {
                    "kind": "TypeNominal",
                    "name": "Bool",
                    "printedName": "Swift.Bool",
                    "usr": "s:Sb"
                  }
                ],
                "declKind": "Accessor",
                "usr": "s:19SwiftAutoScreenShot0bcD0C09isSaveAllcD0Sbvg",
                "mangledName": "$s19SwiftAutoScreenShot0bcD0C09isSaveAllcD0Sbvg",
                "moduleName": "SwiftAutoScreenShot",
                "implicit": true,
                "accessorKind": "get"
              },
              {
                "kind": "Accessor",
                "name": "Set",
                "printedName": "Set()",
                "children": [
                  {
                    "kind": "TypeNominal",
                    "name": "Void",
                    "printedName": "()"
                  },
                  {
                    "kind": "TypeNominal",
                    "name": "Bool",
                    "printedName": "Swift.Bool",
                    "usr": "s:Sb"
                  }
                ],
                "declKind": "Accessor",
                "usr": "s:19SwiftAutoScreenShot0bcD0C09isSaveAllcD0Sbvs",
                "mangledName": "$s19SwiftAutoScreenShot0bcD0C09isSaveAllcD0Sbvs",
                "moduleName": "SwiftAutoScreenShot",
                "implicit": true,
                "accessorKind": "set"
              },
              {
                "kind": "Accessor",
                "name": "Modify",
                "printedName": "Modify()",
                "children": [
                  {
                    "kind": "TypeNominal",
                    "name": "Void",
                    "printedName": "()"
                  }
                ],
                "declKind": "Accessor",
                "usr": "s:19SwiftAutoScreenShot0bcD0C09isSaveAllcD0SbvM",
                "mangledName": "$s19SwiftAutoScreenShot0bcD0C09isSaveAllcD0SbvM",
                "moduleName": "SwiftAutoScreenShot",
                "implicit": true,
                "accessorKind": "_modify"
              }
            ]
          },
          {
            "kind": "Var",
            "name": "saveImageToLocal",
            "printedName": "saveImageToLocal",
            "children": [
              {
                "kind": "TypeNominal",
                "name": "Bool",
                "printedName": "Swift.Bool",
                "usr": "s:Sb"
              }
            ],
            "declKind": "Var",
            "usr": "s:19SwiftAutoScreenShot0bcD0C16saveImageToLocalSbvp",
            "mangledName": "$s19SwiftAutoScreenShot0bcD0C16saveImageToLocalSbvp",
            "moduleName": "SwiftAutoScreenShot",
            "declAttributes": [
              "HasInitialValue",
              "HasStorage",
              "AccessControl",
              "RawDocComment"
            ],
            "hasStorage": true,
            "accessors": [
              {
                "kind": "Accessor",
                "name": "Get",
                "printedName": "Get()",
                "children": [
                  {
                    "kind": "TypeNominal",
                    "name": "Bool",
                    "printedName": "Swift.Bool",
                    "usr": "s:Sb"
                  }
                ],
                "declKind": "Accessor",
                "usr": "s:19SwiftAutoScreenShot0bcD0C16saveImageToLocalSbvg",
                "mangledName": "$s19SwiftAutoScreenShot0bcD0C16saveImageToLocalSbvg",
                "moduleName": "SwiftAutoScreenShot",
                "implicit": true,
                "accessorKind": "get"
              },
              {
                "kind": "Accessor",
                "name": "Set",
                "printedName": "Set()",
                "children": [
                  {
                    "kind": "TypeNominal",
                    "name": "Void",
                    "printedName": "()"
                  },
                  {
                    "kind": "TypeNominal",
                    "name": "Bool",
                    "printedName": "Swift.Bool",
                    "usr": "s:Sb"
                  }
                ],
                "declKind": "Accessor",
                "usr": "s:19SwiftAutoScreenShot0bcD0C16saveImageToLocalSbvs",
                "mangledName": "$s19SwiftAutoScreenShot0bcD0C16saveImageToLocalSbvs",
                "moduleName": "SwiftAutoScreenShot",
                "implicit": true,
                "accessorKind": "set"
              },
              {
                "kind": "Accessor",
                "name": "Modify",
                "printedName": "Modify()",
                "children": [
                  {
                    "kind": "TypeNominal",
                    "name": "Void",
                    "printedName": "()"
                  }
                ],
                "declKind": "Accessor",
                "usr": "s:19SwiftAutoScreenShot0bcD0C16saveImageToLocalSbvM",
                "mangledName": "$s19SwiftAutoScreenShot0bcD0C16saveImageToLocalSbvM",
                "moduleName": "SwiftAutoScreenShot",
                "implicit": true,
                "accessorKind": "_modify"
              }
            ]
          },
          {
            "kind": "Var",
            "name": "shared",
            "printedName": "shared",
            "children": [
              {
                "kind": "TypeNominal",
                "name": "AutoScreenShot",
                "printedName": "SwiftAutoScreenShot.AutoScreenShot",
                "usr": "s:19SwiftAutoScreenShot0bcD0C"
              }
            ],
            "declKind": "Var",
            "usr": "s:19SwiftAutoScreenShot0bcD0C6sharedACvpZ",
            "mangledName": "$s19SwiftAutoScreenShot0bcD0C6sharedACvpZ",
            "moduleName": "SwiftAutoScreenShot",
            "static": true,
            "declAttributes": [
              "HasInitialValue",
              "Final",
              "HasStorage",
              "AccessControl"
            ],
            "isLet": true,
            "hasStorage": true,
            "accessors": [
              {
                "kind": "Accessor",
                "name": "Get",
                "printedName": "Get()",
                "children": [
                  {
                    "kind": "TypeNominal",
                    "name": "AutoScreenShot",
                    "printedName": "SwiftAutoScreenShot.AutoScreenShot",
                    "usr": "s:19SwiftAutoScreenShot0bcD0C"
                  }
                ],
                "declKind": "Accessor",
                "usr": "s:19SwiftAutoScreenShot0bcD0C6sharedACvgZ",
                "mangledName": "$s19SwiftAutoScreenShot0bcD0C6sharedACvgZ",
                "moduleName": "SwiftAutoScreenShot",
                "static": true,
                "implicit": true,
                "declAttributes": [
                  "Final"
                ],
                "accessorKind": "get"
              }
            ]
          },
          {
            "kind": "Function",
            "name": "setup",
            "printedName": "setup(apiKey:projectId:)",
            "children": [
              {
                "kind": "TypeNominal",
                "name": "Void",
                "printedName": "()"
              },
              {
                "kind": "TypeNominal",
                "name": "String",
                "printedName": "Swift.String",
                "usr": "s:SS"
              },
              {
                "kind": "TypeNominal",
                "name": "String",
                "printedName": "Swift.String",
                "usr": "s:SS"
              }
            ],
            "declKind": "Func",
            "usr": "s:19SwiftAutoScreenShot0bcD0C5setup6apiKey9projectIdySS_SStF",
            "mangledName": "$s19SwiftAutoScreenShot0bcD0C5setup6apiKey9projectIdySS_SStF",
            "moduleName": "SwiftAutoScreenShot",
            "declAttributes": [
              "AccessControl"
            ],
            "funcSelfKind": "NonMutating"
          },
          {
            "kind": "Function",
            "name": "takeScreenShot",
            "printedName": "takeScreenShot(_:)",
            "children": [
              {
                "kind": "TypeNominal",
                "name": "Void",
                "printedName": "()"
              },
              {
                "kind": "TypeNominal",
                "name": "UIViewController",
                "printedName": "UIKit.UIViewController",
                "usr": "c:objc(cs)UIViewController"
              }
            ],
            "declKind": "Func",
            "usr": "s:19SwiftAutoScreenShot0bcD0C04takecD0yySo16UIViewControllerCF",
            "mangledName": "$s19SwiftAutoScreenShot0bcD0C04takecD0yySo16UIViewControllerCF",
            "moduleName": "SwiftAutoScreenShot",
            "declAttributes": [
              "AccessControl",
              "Custom",
              "RawDocComment"
            ],
            "isFromExtension": true,
            "funcSelfKind": "NonMutating"
          },
          {
            "kind": "Function",
            "name": "takeScreenShotWithScroll",
            "printedName": "takeScreenShotWithScroll(targetScrollView:targetViewController:outerTopOffset:outerBottomOffset:innerTopOffset:innerBottomOffset:)",
            "children": [
              {
                "kind": "TypeNominal",
                "name": "Void",
                "printedName": "()"
              },
              {
                "kind": "TypeNominal",
                "name": "UIScrollView",
                "printedName": "UIKit.UIScrollView",
                "usr": "c:objc(cs)UIScrollView"
              },
              {
                "kind": "TypeNominal",
                "name": "UIViewController",
                "printedName": "UIKit.UIViewController",
                "usr": "c:objc(cs)UIViewController"
              },
              {
                "kind": "TypeNominal",
                "name": "CGFloat",
                "printedName": "CoreGraphics.CGFloat",
                "usr": "s:14CoreFoundation7CGFloatV"
              },
              {
                "kind": "TypeNominal",
                "name": "CGFloat",
                "printedName": "CoreGraphics.CGFloat",
                "usr": "s:14CoreFoundation7CGFloatV"
              },
              {
                "kind": "TypeNominal",
                "name": "CGFloat",
                "printedName": "CoreGraphics.CGFloat",
                "usr": "s:14CoreFoundation7CGFloatV"
              },
              {
                "kind": "TypeNominal",
                "name": "CGFloat",
                "printedName": "CoreGraphics.CGFloat",
                "usr": "s:14CoreFoundation7CGFloatV"
              }
            ],
            "declKind": "Func",
            "usr": "s:19SwiftAutoScreenShot0bcD0C04takecD10WithScroll06targetG4View0hI10Controller14outerTopOffset0k6BottomM005innerlM00onM0ySo08UIScrollI0C_So06UIViewJ0C14CoreFoundation7CGFloatVA3QtF",
            "mangledName": "$s19SwiftAutoScreenShot0bcD0C04takecD10WithScroll06targetG4View0hI10Controller14outerTopOffset0k6BottomM005innerlM00onM0ySo08UIScrollI0C_So06UIViewJ0C12CoreGraphics7CGFloatVA3QtF",
            "moduleName": "SwiftAutoScreenShot",
            "declAttributes": [
              "AccessControl",
              "Custom",
              "RawDocComment"
            ],
            "isFromExtension": true,
            "funcSelfKind": "NonMutating"
          },
          {
            "kind": "Function",
            "name": "takeScreenShotWithScroll",
            "printedName": "takeScreenShotWithScroll(targetViewController:outerTopOffset:outerBottomOffset:innerTopOffset:innerBottomOffset:)",
            "children": [
              {
                "kind": "TypeNominal",
                "name": "Void",
                "printedName": "()"
              },
              {
                "kind": "TypeNominal",
                "name": "UIViewController",
                "printedName": "UIKit.UIViewController",
                "usr": "c:objc(cs)UIViewController"
              },
              {
                "kind": "TypeNominal",
                "name": "CGFloat",
                "printedName": "CoreGraphics.CGFloat",
                "usr": "s:14CoreFoundation7CGFloatV"
              },
              {
                "kind": "TypeNominal",
                "name": "CGFloat",
                "printedName": "CoreGraphics.CGFloat",
                "usr": "s:14CoreFoundation7CGFloatV"
              },
              {
                "kind": "TypeNominal",
                "name": "CGFloat",
                "printedName": "CoreGraphics.CGFloat",
                "usr": "s:14CoreFoundation7CGFloatV"
              },
              {
                "kind": "TypeNominal",
                "name": "CGFloat",
                "printedName": "CoreGraphics.CGFloat",
                "usr": "s:14CoreFoundation7CGFloatV"
              }
            ],
            "declKind": "Func",
            "usr": "s:19SwiftAutoScreenShot0bcD0C04takecD10WithScroll20targetViewController14outerTopOffset0k6BottomM005innerlM00onM0ySo06UIViewJ0C_14CoreFoundation7CGFloatVA3NtF",
            "mangledName": "$s19SwiftAutoScreenShot0bcD0C04takecD10WithScroll20targetViewController14outerTopOffset0k6BottomM005innerlM00onM0ySo06UIViewJ0C_12CoreGraphics7CGFloatVA3NtF",
            "moduleName": "SwiftAutoScreenShot",
            "declAttributes": [
              "AccessControl",
              "Custom",
              "RawDocComment"
            ],
            "isFromExtension": true,
            "funcSelfKind": "NonMutating"
          },
          {
            "kind": "Function",
            "name": "takeScreenShotWithTableView",
            "printedName": "takeScreenShotWithTableView(targetTableView:targetViewController:outerTopOffset:outerBottomOffset:innerTopOffset:innerBottomOffset:)",
            "children": [
              {
                "kind": "TypeNominal",
                "name": "Void",
                "printedName": "()"
              },
              {
                "kind": "TypeNominal",
                "name": "UITableView",
                "printedName": "UIKit.UITableView",
                "usr": "c:objc(cs)UITableView"
              },
              {
                "kind": "TypeNominal",
                "name": "UIViewController",
                "printedName": "UIKit.UIViewController",
                "usr": "c:objc(cs)UIViewController"
              },
              {
                "kind": "TypeNominal",
                "name": "CGFloat",
                "printedName": "CoreGraphics.CGFloat",
                "usr": "s:14CoreFoundation7CGFloatV"
              },
              {
                "kind": "TypeNominal",
                "name": "CGFloat",
                "printedName": "CoreGraphics.CGFloat",
                "usr": "s:14CoreFoundation7CGFloatV"
              },
              {
                "kind": "TypeNominal",
                "name": "CGFloat",
                "printedName": "CoreGraphics.CGFloat",
                "usr": "s:14CoreFoundation7CGFloatV"
              },
              {
                "kind": "TypeNominal",
                "name": "CGFloat",
                "printedName": "CoreGraphics.CGFloat",
                "usr": "s:14CoreFoundation7CGFloatV"
              }
            ],
            "declKind": "Func",
            "usr": "s:19SwiftAutoScreenShot0bcD0C04takecD13WithTableView06targetgH00iH10Controller14outerTopOffset0k6BottomM005innerlM00onM0ySo07UITableH0C_So06UIViewJ0C14CoreFoundation7CGFloatVA3QtF",
            "mangledName": "$s19SwiftAutoScreenShot0bcD0C04takecD13WithTableView06targetgH00iH10Controller14outerTopOffset0k6BottomM005innerlM00onM0ySo07UITableH0C_So06UIViewJ0C12CoreGraphics7CGFloatVA3QtF",
            "moduleName": "SwiftAutoScreenShot",
            "declAttributes": [
              "AccessControl",
              "Custom"
            ],
            "isFromExtension": true,
            "funcSelfKind": "NonMutating"
          },
          {
            "kind": "Function",
            "name": "takeScreenshotWithWebView",
            "printedName": "takeScreenshotWithWebView(targetWebView:targetViewController:outerTopOffset:outerBottomOffset:innerTopOffset:innerBottomOffset:)",
            "children": [
              {
                "kind": "TypeNominal",
                "name": "Void",
                "printedName": "()"
              },
              {
                "kind": "TypeNominal",
                "name": "WKWebView",
                "printedName": "WebKit.WKWebView",
                "usr": "c:objc(cs)WKWebView"
              },
              {
                "kind": "TypeNominal",
                "name": "UIViewController",
                "printedName": "UIKit.UIViewController",
                "usr": "c:objc(cs)UIViewController"
              },
              {
                "kind": "TypeNominal",
                "name": "CGFloat",
                "printedName": "CoreGraphics.CGFloat",
                "usr": "s:14CoreFoundation7CGFloatV"
              },
              {
                "kind": "TypeNominal",
                "name": "CGFloat",
                "printedName": "CoreGraphics.CGFloat",
                "usr": "s:14CoreFoundation7CGFloatV"
              },
              {
                "kind": "TypeNominal",
                "name": "CGFloat",
                "printedName": "CoreGraphics.CGFloat",
                "usr": "s:14CoreFoundation7CGFloatV"
              },
              {
                "kind": "TypeNominal",
                "name": "CGFloat",
                "printedName": "CoreGraphics.CGFloat",
                "usr": "s:14CoreFoundation7CGFloatV"
              }
            ],
            "declKind": "Func",
            "usr": "s:19SwiftAutoScreenShot0bcD0C25takeScreenshotWithWebView06targethI00jI10Controller14outerTopOffset0l6BottomN005innermN00poN0ySo05WKWebI0C_So06UIViewK0C14CoreFoundation7CGFloatVA3QtF",
            "mangledName": "$s19SwiftAutoScreenShot0bcD0C25takeScreenshotWithWebView06targethI00jI10Controller14outerTopOffset0l6BottomN005innermN00poN0ySo05WKWebI0C_So06UIViewK0C12CoreGraphics7CGFloatVA3QtF",
            "moduleName": "SwiftAutoScreenShot",
            "declAttributes": [
              "AccessControl",
              "Custom"
            ],
            "isFromExtension": true,
            "funcSelfKind": "NonMutating"
          }
        ],
        "declKind": "Class",
        "usr": "s:19SwiftAutoScreenShot0bcD0C",
        "mangledName": "$s19SwiftAutoScreenShot0bcD0C",
        "moduleName": "SwiftAutoScreenShot",
        "declAttributes": [
          "AccessControl"
        ],
        "hasMissingDesignatedInitializers": true
      },
      {
        "kind": "Import",
        "name": "Foundation",
        "printedName": "Foundation",
        "declKind": "Import",
        "moduleName": "SwiftAutoScreenShot",
        "declAttributes": [
          "RawDocComment"
        ]
      },
      {
        "kind": "Import",
        "name": "UIKit",
        "printedName": "UIKit",
        "declKind": "Import",
        "moduleName": "SwiftAutoScreenShot"
      },
      {
        "kind": "Import",
        "name": "Foundation",
        "printedName": "Foundation",
        "declKind": "Import",
        "moduleName": "SwiftAutoScreenShot",
        "declAttributes": [
          "RawDocComment"
        ]
      },
      {
        "kind": "Import",
        "name": "UIKit",
        "printedName": "UIKit",
        "declKind": "Import",
        "moduleName": "SwiftAutoScreenShot"
      },
      {
        "kind": "Import",
        "name": "Foundation",
        "printedName": "Foundation",
        "declKind": "Import",
        "moduleName": "SwiftAutoScreenShot",
        "declAttributes": [
          "RawDocComment"
        ]
      },
      {
        "kind": "Import",
        "name": "UIKit",
        "printedName": "UIKit",
        "declKind": "Import",
        "moduleName": "SwiftAutoScreenShot"
      },
      {
        "kind": "Import",
        "name": "UIKit",
        "printedName": "UIKit",
        "declKind": "Import",
        "moduleName": "SwiftAutoScreenShot",
        "declAttributes": [
          "RawDocComment"
        ]
      },
      {
        "kind": "Import",
        "name": "SwiftUI",
        "printedName": "SwiftUI",
        "declKind": "Import",
        "moduleName": "SwiftAutoScreenShot"
      },
      {
        "kind": "TypeDecl",
        "name": "SUAutoScreenShot",
        "printedName": "SUAutoScreenShot",
        "children": [
          {
            "kind": "Function",
            "name": "screenShot",
            "printedName": "screenShot(topOffset:imageSize:targetView:)",
            "children": [
              {
                "kind": "TypeNominal",
                "name": "Optional",
                "printedName": "UIKit.UIImage?",
                "children": [
                  {
                    "kind": "TypeNominal",
                    "name": "UIImage",
                    "printedName": "UIKit.UIImage",
                    "usr": "c:objc(cs)UIImage"
                  }
                ],
                "usr": "s:Sq"
              },
              {
                "kind": "TypeNominal",
                "name": "CGPoint",
                "printedName": "CoreFoundation.CGPoint",
                "usr": "c:@S@CGPoint"
              },
              {
                "kind": "TypeNominal",
                "name": "CGSize",
                "printedName": "CoreFoundation.CGSize",
                "usr": "c:@S@CGSize"
              },
              {
                "kind": "TypeNominal",
                "name": "Optional",
                "printedName": "UIKit.UIView?",
                "children": [
                  {
                    "kind": "TypeNominal",
                    "name": "UIView",
                    "printedName": "UIKit.UIView",
                    "usr": "c:objc(cs)UIView"
                  }
                ],
                "usr": "s:Sq"
              }
            ],
            "declKind": "Func",
            "usr": "s:19SwiftAutoScreenShot06SUAutocD0P06screenD09topOffset9imageSize10targetViewSo7UIImageCSgSo7CGPointV_So6CGSizeVSo6UIViewCSgtF",
            "mangledName": "$s19SwiftAutoScreenShot06SUAutocD0P06screenD09topOffset9imageSize10targetViewSo7UIImageCSgSo7CGPointV_So6CGSizeVSo6UIViewCSgtF",
            "moduleName": "SwiftAutoScreenShot",
            "genericSig": "<τ_0_0 where τ_0_0 : SwiftAutoScreenShot.SUAutoScreenShot>",
            "sugared_genericSig": "<Self where Self : SwiftAutoScreenShot.SUAutoScreenShot>",
            "protocolReq": true,
            "declAttributes": [
              "RawDocComment"
            ],
            "reqNewWitnessTableEntry": true,
            "funcSelfKind": "NonMutating"
          },
          {
            "kind": "Function",
            "name": "takeScreenShotWithScroll",
            "printedName": "takeScreenShotWithScroll(outerTopOffset:outerBottomOffset:innerTopOffset:innerBottomOffset:)",
            "children": [
              {
                "kind": "TypeNominal",
                "name": "Void",
                "printedName": "()"
              },
              {
                "kind": "TypeNominal",
                "name": "CGFloat",
                "printedName": "CoreGraphics.CGFloat",
                "usr": "s:14CoreFoundation7CGFloatV"
              },
              {
                "kind": "TypeNominal",
                "name": "CGFloat",
                "printedName": "CoreGraphics.CGFloat",
                "usr": "s:14CoreFoundation7CGFloatV"
              },
              {
                "kind": "TypeNominal",
                "name": "CGFloat",
                "printedName": "CoreGraphics.CGFloat",
                "usr": "s:14CoreFoundation7CGFloatV"
              },
              {
                "kind": "TypeNominal",
                "name": "CGFloat",
                "printedName": "CoreGraphics.CGFloat",
                "usr": "s:14CoreFoundation7CGFloatV"
              }
            ],
            "declKind": "Func",
            "usr": "s:19SwiftAutoScreenShot06SUAutocD0P04takecD10WithScroll14outerTopOffset0i6BottomK005innerjK00mlK0y14CoreFoundation7CGFloatV_A3KtF",
            "mangledName": "$s19SwiftAutoScreenShot06SUAutocD0P04takecD10WithScroll14outerTopOffset0i6BottomK005innerjK00mlK0y12CoreGraphics7CGFloatV_A3KtF",
            "moduleName": "SwiftAutoScreenShot",
            "genericSig": "<τ_0_0 where τ_0_0 : SwiftAutoScreenShot.SUAutoScreenShot>",
            "sugared_genericSig": "<Self where Self : SwiftAutoScreenShot.SUAutoScreenShot>",
            "protocolReq": true,
            "declAttributes": [
              "Custom"
            ],
            "reqNewWitnessTableEntry": true,
            "funcSelfKind": "NonMutating"
          },
          {
            "kind": "Function",
            "name": "takeScreenshot",
            "printedName": "takeScreenshot()",
            "children": [
              {
                "kind": "TypeNominal",
                "name": "Void",
                "printedName": "()"
              }
            ],
            "declKind": "Func",
            "usr": "s:19SwiftAutoScreenShot06SUAutocD0P14takeScreenshotyyF",
            "mangledName": "$s19SwiftAutoScreenShot06SUAutocD0P14takeScreenshotyyF",
            "moduleName": "SwiftAutoScreenShot",
            "genericSig": "<τ_0_0 where τ_0_0 : SwiftAutoScreenShot.SUAutoScreenShot>",
            "sugared_genericSig": "<Self where Self : SwiftAutoScreenShot.SUAutoScreenShot>",
            "protocolReq": true,
            "declAttributes": [
              "Custom"
            ],
            "reqNewWitnessTableEntry": true,
            "funcSelfKind": "NonMutating"
          }
        ],
        "declKind": "Protocol",
        "usr": "s:19SwiftAutoScreenShot06SUAutocD0P",
        "mangledName": "$s19SwiftAutoScreenShot06SUAutocD0P",
        "moduleName": "SwiftAutoScreenShot",
        "declAttributes": [
          "AccessControl"
        ]
      },
      {
        "kind": "TypeDecl",
        "name": "SUAutoScreenShotUIViewController",
        "printedName": "SUAutoScreenShotUIViewController",
        "children": [
          {
            "kind": "Function",
            "name": "takeScreenshot",
            "printedName": "takeScreenshot()",
            "children": [
              {
                "kind": "TypeNominal",
                "name": "Void",
                "printedName": "()"
              }
            ],
            "declKind": "Func",
            "usr": "s:19SwiftAutoScreenShot06SUAutocD16UIViewControllerC14takeScreenshotyyF",
            "mangledName": "$s19SwiftAutoScreenShot06SUAutocD16UIViewControllerC14takeScreenshotyyF",
            "moduleName": "SwiftAutoScreenShot",
            "declAttributes": [
              "AccessControl",
              "Custom"
            ],
            "funcSelfKind": "NonMutating"
          },
          {
            "kind": "Function",
            "name": "screenShot",
            "printedName": "screenShot(topOffset:imageSize:targetView:)",
            "children": [
              {
                "kind": "TypeNominal",
                "name": "Optional",
                "printedName": "UIKit.UIImage?",
                "children": [
                  {
                    "kind": "TypeNominal",
                    "name": "UIImage",
                    "printedName": "UIKit.UIImage",
                    "usr": "c:objc(cs)UIImage"
                  }
                ],
                "usr": "s:Sq"
              },
              {
                "kind": "TypeNominal",
                "name": "CGPoint",
                "printedName": "CoreFoundation.CGPoint",
                "usr": "c:@S@CGPoint"
              },
              {
                "kind": "TypeNominal",
                "name": "CGSize",
                "printedName": "CoreFoundation.CGSize",
                "usr": "c:@S@CGSize"
              },
              {
                "kind": "TypeNominal",
                "name": "Optional",
                "printedName": "UIKit.UIView?",
                "children": [
                  {
                    "kind": "TypeNominal",
                    "name": "UIView",
                    "printedName": "UIKit.UIView",
                    "usr": "c:objc(cs)UIView"
                  }
                ],
                "usr": "s:Sq"
              }
            ],
            "declKind": "Func",
            "usr": "s:19SwiftAutoScreenShot06SUAutocD16UIViewControllerC06screenD09topOffset9imageSize10targetViewSo7UIImageCSgSo7CGPointV_So6CGSizeVSo0F0CSgtF",
            "mangledName": "$s19SwiftAutoScreenShot06SUAutocD16UIViewControllerC06screenD09topOffset9imageSize10targetViewSo7UIImageCSgSo7CGPointV_So6CGSizeVSo0F0CSgtF",
            "moduleName": "SwiftAutoScreenShot",
            "declAttributes": [
              "AccessControl",
              "Custom"
            ],
            "funcSelfKind": "NonMutating"
          },
          {
            "kind": "Function",
            "name": "takeScreenShotWithScroll",
            "printedName": "takeScreenShotWithScroll(outerTopOffset:outerBottomOffset:innerTopOffset:innerBottomOffset:)",
            "children": [
              {
                "kind": "TypeNominal",
                "name": "Void",
                "printedName": "()"
              },
              {
                "kind": "TypeNominal",
                "name": "CGFloat",
                "printedName": "CoreGraphics.CGFloat",
                "usr": "s:14CoreFoundation7CGFloatV"
              },
              {
                "kind": "TypeNominal",
                "name": "CGFloat",
                "printedName": "CoreGraphics.CGFloat",
                "usr": "s:14CoreFoundation7CGFloatV"
              },
              {
                "kind": "TypeNominal",
                "name": "CGFloat",
                "printedName": "CoreGraphics.CGFloat",
                "usr": "s:14CoreFoundation7CGFloatV"
              },
              {
                "kind": "TypeNominal",
                "name": "CGFloat",
                "printedName": "CoreGraphics.CGFloat",
                "usr": "s:14CoreFoundation7CGFloatV"
              }
            ],
            "declKind": "Func",
            "usr": "s:19SwiftAutoScreenShot06SUAutocD16UIViewControllerC04takecD10WithScroll14outerTopOffset0k6BottomM005innerlM00onM0y14CoreFoundation7CGFloatV_A3KtF",
            "mangledName": "$s19SwiftAutoScreenShot06SUAutocD16UIViewControllerC04takecD10WithScroll14outerTopOffset0k6BottomM005innerlM00onM0y12CoreGraphics7CGFloatV_A3KtF",
            "moduleName": "SwiftAutoScreenShot",
            "declAttributes": [
              "AccessControl",
              "Custom",
              "RawDocComment"
            ],
            "funcSelfKind": "NonMutating"
          },
          {
            "kind": "Constructor",
            "name": "init",
            "printedName": "init(nibName:bundle:)",
            "children": [
              {
                "kind": "TypeNominal",
                "name": "SUAutoScreenShotUIViewController",
                "printedName": "SwiftAutoScreenShot.SUAutoScreenShotUIViewController",
                "usr": "c:@M@SwiftAutoScreenShot@objc(cs)SUAutoScreenShotUIViewController"
              },
              {
                "kind": "TypeNominal",
                "name": "Optional",
                "printedName": "Swift.String?",
                "children": [
                  {
                    "kind": "TypeNominal",
                    "name": "String",
                    "printedName": "Swift.String",
                    "usr": "s:SS"
                  }
                ],
                "usr": "s:Sq"
              },
              {
                "kind": "TypeNominal",
                "name": "Optional",
                "printedName": "Foundation.Bundle?",
                "children": [
                  {
                    "kind": "TypeNominal",
                    "name": "Bundle",
                    "printedName": "Foundation.Bundle",
                    "usr": "c:objc(cs)NSBundle"
                  }
                ],
                "usr": "s:Sq"
              }
            ],
            "declKind": "Constructor",
            "usr": "c:@M@SwiftAutoScreenShot@objc(cs)SUAutoScreenShotUIViewController(im)initWithNibName:bundle:",
            "mangledName": "$s19SwiftAutoScreenShot06SUAutocD16UIViewControllerC7nibName6bundleACSSSg_So8NSBundleCSgtcfc",
            "moduleName": "SwiftAutoScreenShot",
            "overriding": true,
            "implicit": true,
            "objc_name": "initWithNibName:bundle:",
            "declAttributes": [
              "Dynamic",
              "ObjC",
              "Custom",
              "Override"
            ],
            "init_kind": "Designated"
          },
          {
            "kind": "Constructor",
            "name": "init",
            "printedName": "init(coder:)",
            "children": [
              {
                "kind": "TypeNominal",
                "name": "Optional",
                "printedName": "SwiftAutoScreenShot.SUAutoScreenShotUIViewController?",
                "children": [
                  {
                    "kind": "TypeNominal",
                    "name": "SUAutoScreenShotUIViewController",
                    "printedName": "SwiftAutoScreenShot.SUAutoScreenShotUIViewController",
                    "usr": "c:@M@SwiftAutoScreenShot@objc(cs)SUAutoScreenShotUIViewController"
                  }
                ],
                "usr": "s:Sq"
              },
              {
                "kind": "TypeNominal",
                "name": "NSCoder",
                "printedName": "Foundation.NSCoder",
                "usr": "c:objc(cs)NSCoder"
              }
            ],
            "declKind": "Constructor",
            "usr": "c:@M@SwiftAutoScreenShot@objc(cs)SUAutoScreenShotUIViewController(im)initWithCoder:",
            "mangledName": "$s19SwiftAutoScreenShot06SUAutocD16UIViewControllerC5coderACSgSo7NSCoderC_tcfc",
            "moduleName": "SwiftAutoScreenShot",
            "overriding": true,
            "implicit": true,
            "objc_name": "initWithCoder:",
            "declAttributes": [
              "Dynamic",
              "ObjC",
              "Custom",
              "Required"
            ],
            "init_kind": "Designated"
          }
        ],
        "declKind": "Class",
        "usr": "c:@M@SwiftAutoScreenShot@objc(cs)SUAutoScreenShotUIViewController",
        "mangledName": "$s19SwiftAutoScreenShot06SUAutocD16UIViewControllerC",
        "moduleName": "SwiftAutoScreenShot",
        "declAttributes": [
          "Custom",
          "AccessControl",
          "RawDocComment",
          "ObjC"
        ],
        "superclassUsr": "c:objc(cs)UIViewController",
        "inheritsConvenienceInitializers": true,
        "superclassNames": [
          "UIKit.UIViewController",
          "UIKit.UIResponder",
          "ObjectiveC.NSObject"
        ],
        "conformances": [
          {
            "kind": "Conformance",
            "name": "SUAutoScreenShot",
            "printedName": "SUAutoScreenShot",
            "usr": "s:19SwiftAutoScreenShot06SUAutocD0P",
            "mangledName": "$s19SwiftAutoScreenShot06SUAutocD0P"
          },
          {
            "kind": "Conformance",
            "name": "Equatable",
            "printedName": "Equatable",
            "usr": "s:SQ",
            "mangledName": "$sSQ"
          },
          {
            "kind": "Conformance",
            "name": "Hashable",
            "printedName": "Hashable",
            "usr": "s:SH",
            "mangledName": "$sSH"
          },
          {
            "kind": "Conformance",
            "name": "CVarArg",
            "printedName": "CVarArg",
            "usr": "s:s7CVarArgP",
            "mangledName": "$ss7CVarArgP"
          },
          {
            "kind": "Conformance",
            "name": "_KeyValueCodingAndObservingPublishing",
            "printedName": "_KeyValueCodingAndObservingPublishing",
            "usr": "s:10Foundation37_KeyValueCodingAndObservingPublishingP",
            "mangledName": "$s10Foundation37_KeyValueCodingAndObservingPublishingP"
          },
          {
            "kind": "Conformance",
            "name": "_KeyValueCodingAndObserving",
            "printedName": "_KeyValueCodingAndObserving",
            "usr": "s:10Foundation27_KeyValueCodingAndObservingP",
            "mangledName": "$s10Foundation27_KeyValueCodingAndObservingP"
          },
          {
            "kind": "Conformance",
            "name": "CustomStringConvertible",
            "printedName": "CustomStringConvertible",
            "usr": "s:s23CustomStringConvertibleP",
            "mangledName": "$ss23CustomStringConvertibleP"
          },
          {
            "kind": "Conformance",
            "name": "CustomDebugStringConvertible",
            "printedName": "CustomDebugStringConvertible",
            "usr": "s:s28CustomDebugStringConvertibleP",
            "mangledName": "$ss28CustomDebugStringConvertibleP"
          },
          {
            "kind": "Conformance",
            "name": "Sendable",
            "printedName": "Sendable",
            "usr": "s:s8SendableP",
            "mangledName": "$ss8SendableP"
          }
        ]
      },
      {
        "kind": "TypeDecl",
        "name": "SUAutoScreenShotViewController",
        "printedName": "SUAutoScreenShotViewController",
        "children": [
          {
            "kind": "Constructor",
            "name": "init",
            "printedName": "init(_:)",
            "children": [
              {
                "kind": "TypeNominal",
                "name": "SUAutoScreenShotViewController",
                "printedName": "SwiftAutoScreenShot.SUAutoScreenShotViewController",
                "usr": "s:19SwiftAutoScreenShot06SUAutocD14ViewControllerV"
              },
              {
                "kind": "TypeFunc",
                "name": "Function",
                "printedName": "(SwiftAutoScreenShot.SUAutoScreenShot) -> ()",
                "children": [
                  {
                    "kind": "TypeNominal",
                    "name": "Void",
                    "printedName": "()"
                  },
                  {
                    "kind": "TypeNominal",
                    "name": "SUAutoScreenShot",
                    "printedName": "SwiftAutoScreenShot.SUAutoScreenShot",
                    "usr": "s:19SwiftAutoScreenShot06SUAutocD0P"
                  }
                ]
              }
            ],
            "declKind": "Constructor",
            "usr": "s:19SwiftAutoScreenShot06SUAutocD14ViewControllerVyACyAA0ecD0_pccfc",
            "mangledName": "$s19SwiftAutoScreenShot06SUAutocD14ViewControllerVyACyAA0ecD0_pccfc",
            "moduleName": "SwiftAutoScreenShot",
            "declAttributes": [
              "AccessControl"
            ],
            "init_kind": "Designated"
          },
          {
            "kind": "Function",
            "name": "makeUIViewController",
            "printedName": "makeUIViewController(context:)",
            "children": [
              {
                "kind": "TypeNominal",
                "name": "SUAutoScreenShotUIViewController",
                "printedName": "SwiftAutoScreenShot.SUAutoScreenShotUIViewController",
                "usr": "c:@M@SwiftAutoScreenShot@objc(cs)SUAutoScreenShotUIViewController"
              },
              {
                "kind": "TypeNominal",
                "name": "UIViewControllerRepresentableContext",
                "printedName": "SwiftUI.UIViewControllerRepresentableContext<SwiftAutoScreenShot.SUAutoScreenShotViewController>",
                "children": [
                  {
                    "kind": "TypeNominal",
                    "name": "SUAutoScreenShotViewController",
                    "printedName": "SwiftAutoScreenShot.SUAutoScreenShotViewController",
                    "usr": "s:19SwiftAutoScreenShot06SUAutocD14ViewControllerV"
                  }
                ],
                "usr": "s:7SwiftUI36UIViewControllerRepresentableContextV"
              }
            ],
            "declKind": "Func",
            "usr": "s:19SwiftAutoScreenShot06SUAutocD14ViewControllerV010makeUIViewG07contextAA0ecdiG0C0A2UI0iG20RepresentableContextVyACG_tF",
            "mangledName": "$s19SwiftAutoScreenShot06SUAutocD14ViewControllerV010makeUIViewG07contextAA0ecdiG0C0A2UI0iG20RepresentableContextVyACG_tF",
            "moduleName": "SwiftAutoScreenShot",
            "declAttributes": [
              "Custom",
              "AccessControl"
            ],
            "funcSelfKind": "NonMutating"
          },
          {
            "kind": "Function",
            "name": "updateUIViewController",
            "printedName": "updateUIViewController(_:context:)",
            "children": [
              {
                "kind": "TypeNominal",
                "name": "Void",
                "printedName": "()"
              },
              {
                "kind": "TypeNominal",
                "name": "SUAutoScreenShotUIViewController",
                "printedName": "SwiftAutoScreenShot.SUAutoScreenShotUIViewController",
                "usr": "c:@M@SwiftAutoScreenShot@objc(cs)SUAutoScreenShotUIViewController"
              },
              {
                "kind": "TypeNominal",
                "name": "UIViewControllerRepresentableContext",
                "printedName": "SwiftUI.UIViewControllerRepresentableContext<SwiftAutoScreenShot.SUAutoScreenShotViewController>",
                "children": [
                  {
                    "kind": "TypeNominal",
                    "name": "SUAutoScreenShotViewController",
                    "printedName": "SwiftAutoScreenShot.SUAutoScreenShotViewController",
                    "usr": "s:19SwiftAutoScreenShot06SUAutocD14ViewControllerV"
                  }
                ],
                "usr": "s:7SwiftUI36UIViewControllerRepresentableContextV"
              }
            ],
            "declKind": "Func",
            "usr": "s:19SwiftAutoScreenShot06SUAutocD14ViewControllerV012updateUIViewG0_7contextyAA0ecdiG0C_0A2UI0iG20RepresentableContextVyACGtF",
            "mangledName": "$s19SwiftAutoScreenShot06SUAutocD14ViewControllerV012updateUIViewG0_7contextyAA0ecdiG0C_0A2UI0iG20RepresentableContextVyACGtF",
            "moduleName": "SwiftAutoScreenShot",
            "declAttributes": [
              "Custom",
              "AccessControl"
            ],
            "funcSelfKind": "NonMutating"
          }
        ],
        "declKind": "Struct",
        "usr": "s:19SwiftAutoScreenShot06SUAutocD14ViewControllerV",
        "mangledName": "$s19SwiftAutoScreenShot06SUAutocD14ViewControllerV",
        "moduleName": "SwiftAutoScreenShot",
        "declAttributes": [
          "AccessControl",
          "RawDocComment"
        ],
        "conformances": [
          {
            "kind": "Conformance",
            "name": "UIViewControllerRepresentable",
            "printedName": "UIViewControllerRepresentable",
            "children": [
              {
                "kind": "TypeWitness",
                "name": "UIViewControllerType",
                "printedName": "UIViewControllerType",
                "children": [
                  {
                    "kind": "TypeNominal",
                    "name": "SUAutoScreenShotUIViewController",
                    "printedName": "SwiftAutoScreenShot.SUAutoScreenShotUIViewController",
                    "usr": "c:@M@SwiftAutoScreenShot@objc(cs)SUAutoScreenShotUIViewController"
                  }
                ]
              },
              {
                "kind": "TypeWitness",
                "name": "Coordinator",
                "printedName": "Coordinator",
                "children": [
                  {
                    "kind": "TypeNominal",
                    "name": "Void",
                    "printedName": "()"
                  }
                ]
              }
            ],
            "usr": "s:7SwiftUI29UIViewControllerRepresentableP",
            "mangledName": "$s7SwiftUI29UIViewControllerRepresentableP"
          },
          {
            "kind": "Conformance",
            "name": "View",
            "printedName": "View",
            "children": [
              {
                "kind": "TypeWitness",
                "name": "Body",
                "printedName": "Body",
                "children": [
                  {
                    "kind": "TypeNominal",
                    "name": "Never",
                    "printedName": "Swift.Never",
                    "usr": "s:s5NeverO"
                  }
                ]
              }
            ],
            "usr": "s:7SwiftUI4ViewP",
            "mangledName": "$s7SwiftUI4ViewP"
          }
        ]
      },
      {
        "kind": "Import",
        "name": "Foundation",
        "printedName": "Foundation",
        "declKind": "Import",
        "moduleName": "SwiftAutoScreenShot",
        "declAttributes": [
          "RawDocComment"
        ]
      },
      {
        "kind": "TypeDecl",
        "name": "View",
        "printedName": "View",
        "children": [
          {
            "kind": "Function",
            "name": "suAutoScreenShot",
            "printedName": "suAutoScreenShot(_:)",
            "children": [
              {
                "kind": "TypeNominal",
                "name": "OpaqueTypeArchetype",
                "printedName": "some SwiftUI.View",
                "children": [
                  {
                    "kind": "TypeNominal",
                    "name": "View",
                    "printedName": "SwiftUI.View",
                    "usr": "s:7SwiftUI4ViewP"
                  }
                ]
              },
              {
                "kind": "TypeFunc",
                "name": "Function",
                "printedName": "(SwiftAutoScreenShot.SUAutoScreenShot) -> ()",
                "children": [
                  {
                    "kind": "TypeNominal",
                    "name": "Void",
                    "printedName": "()"
                  },
                  {
                    "kind": "TypeNominal",
                    "name": "SUAutoScreenShot",
                    "printedName": "SwiftAutoScreenShot.SUAutoScreenShot",
                    "usr": "s:19SwiftAutoScreenShot06SUAutocD0P"
                  }
                ]
              }
            ],
            "declKind": "Func",
            "usr": "s:7SwiftUI4ViewP0A14AutoScreenShotE02sudeF0yQryAD06SUAutoeF0_pcF",
            "mangledName": "$s7SwiftUI4ViewP0A14AutoScreenShotE02sudeF0yQryAD06SUAutoeF0_pcF",
            "moduleName": "SwiftAutoScreenShot",
            "genericSig": "<τ_0_0 where τ_0_0 : SwiftUI.View>",
            "sugared_genericSig": "<Self where Self : SwiftUI.View>",
            "declAttributes": [
              "AccessControl",
              "RawDocComment"
            ],
            "isFromExtension": true,
            "funcSelfKind": "NonMutating"
          }
        ],
        "declKind": "Protocol",
        "usr": "s:7SwiftUI4ViewP",
        "mangledName": "$s7SwiftUI4ViewP",
        "moduleName": "SwiftUI",
        "genericSig": "<τ_0_0.Body : SwiftUI.View>",
        "sugared_genericSig": "<Self.Body : SwiftUI.View>",
        "intro_Macosx": "10.15",
        "intro_iOS": "13.0",
        "intro_tvOS": "13.0",
        "intro_watchOS": "6.0",
        "declAttributes": [
          "TypeEraser",
          "Available",
          "Available",
          "Available",
          "Available"
        ],
        "isExternal": true
      }
    ],
    "json_format_version": 8
  },
  "ConstValues": [
    {
      "filePath": "\/Users\/goudaryuushi\/github\/SwiftAutoScreenShot_source\/SwiftAutoScreenShot\/ApiCleint.swift",
      "kind": "StringLiteral",
      "offset": 487,
      "length": 43,
      "value": "\"https:\/\/api.ui-scan.com\/api\/ex\/loginByKey\""
    },
    {
      "filePath": "\/Users\/goudaryuushi\/github\/SwiftAutoScreenShot_source\/SwiftAutoScreenShot\/ApiCleint.swift",
      "kind": "StringLiteral",
      "offset": 565,
      "length": 38,
      "value": "\"https:\/\/api.ui-scan.com\/api\/ex\/teams\""
    },
    {
      "filePath": "\/Users\/goudaryuushi\/github\/SwiftAutoScreenShot_source\/SwiftAutoScreenShot\/ApiCleint.swift",
      "kind": "StringLiteral",
      "offset": 648,
      "length": 48,
      "value": "\"https:\/\/api.ui-scan.com\/api\/ex\/screenshot\/send\""
    },
    {
      "filePath": "\/Users\/goudaryuushi\/github\/SwiftAutoScreenShot_source\/SwiftAutoScreenShot\/ApiCleint.swift",
      "kind": "StringLiteral",
      "offset": 734,
      "length": 46,
      "value": "\"https:\/\/api.ui-scan.com\/api\/ex\/compareStatus\""
    },
    {
      "filePath": "\/Users\/goudaryuushi\/github\/SwiftAutoScreenShot_source\/SwiftAutoScreenShot\/ApiCleint.swift",
      "kind": "IntegerLiteral",
      "offset": 880,
      "length": 1,
      "value": "0"
    },
    {
      "filePath": "\/Users\/goudaryuushi\/github\/SwiftAutoScreenShot_source\/SwiftAutoScreenShot\/ApiCleint.swift",
      "kind": "IntegerLiteral",
      "offset": 960,
      "length": 1,
      "value": "5"
    },
    {
      "filePath": "\/Users\/goudaryuushi\/github\/SwiftAutoScreenShot_source\/SwiftAutoScreenShot\/AutoScreenShot.swift",
      "kind": "BooleanLiteral",
      "offset": 346,
      "length": 5,
      "value": "false"
    },
    {
      "filePath": "\/Users\/goudaryuushi\/github\/SwiftAutoScreenShot_source\/SwiftAutoScreenShot\/AutoScreenShot.swift",
      "kind": "BooleanLiteral",
      "offset": 483,
      "length": 4,
      "value": "true"
    },
    {
      "filePath": "\/Users\/goudaryuushi\/github\/SwiftAutoScreenShot_source\/SwiftAutoScreenShot\/AutoScreenShot.swift",
      "kind": "StringLiteral",
      "offset": 1485,
      "length": 4,
      "value": "\"OK\""
    },
    {
      "filePath": "\/Users\/goudaryuushi\/github\/SwiftAutoScreenShot_source\/SwiftAutoScreenShot\/AutoScreenShot.swift",
      "kind": "StringLiteral",
      "offset": 1968,
      "length": 16,
      "value": "\"UploadProgress\""
    },
    {
      "filePath": "\/Users\/goudaryuushi\/github\/SwiftAutoScreenShot_source\/SwiftAutoScreenShot\/AutoScreenShot.swift",
      "kind": "StringLiteral",
      "offset": 2044,
      "length": 16,
      "value": "\"uploadProgress\""
    },
    {
      "filePath": "\/Users\/goudaryuushi\/github\/SwiftAutoScreenShot_source\/SwiftAutoScreenShot\/AutoScreenShot.swift",
      "kind": "BooleanLiteral",
      "offset": 2257,
      "length": 4,
      "value": "true"
    },
    {
      "filePath": "\/Users\/goudaryuushi\/github\/SwiftAutoScreenShot_source\/SwiftAutoScreenShot\/AutoScreenShot.swift",
      "kind": "BooleanLiteral",
      "offset": 2752,
      "length": 4,
      "value": "true"
    },
    {
      "filePath": "\/Users\/goudaryuushi\/github\/SwiftAutoScreenShot_source\/SwiftAutoScreenShot\/CustomView\/StartDialog.swift",
      "kind": "StringLiteral",
      "offset": 552,
      "length": 13,
      "value": "\"StartDialog\""
    },
    {
      "filePath": "\/Users\/goudaryuushi\/github\/SwiftAutoScreenShot_source\/SwiftAutoScreenShot\/AlertCreateHelper.swift",
      "kind": "StringLiteral",
      "offset": 1415,
      "length": 16,
      "value": "\"UploadProgress\""
    },
    {
      "filePath": "\/Users\/goudaryuushi\/github\/SwiftAutoScreenShot_source\/SwiftAutoScreenShot\/AlertCreateHelper.swift",
      "kind": "StringLiteral",
      "offset": 1533,
      "length": 16,
      "value": "\"uploadProgress\""
    }
  ]
}